month,precip,basin
1981-01-31,7.228762648999691,Canal del Dique
1981-02-28,3.452616937458515,Canal del Dique
1981-03-31,14.330704271793365,Canal del Dique
1981-04-30,85.50586120784283,Canal del Dique
1981-05-31,205.5024447441101,Canal del Dique
1981-06-30,111.1210036277771,Canal del Dique
1981-07-31,86.48191308230162,Canal del Dique
1981-08-31,189.68149535357952,Canal del Dique
1981-09-30,116.07692193984985,Canal del Dique
1981-10-31,219.47859811782837,Canal del Dique
1981-11-30,119.16560021042824,Canal del Dique
1981-12-31,46.360231932252645,Canal del Dique
1982-01-31,18.07781481742859,Canal del Dique
1982-02-28,9.470116302371025,Canal del Dique
1982-03-31,5.3588904440402985,Canal del Dique
1982-04-30,72.65926398336887,Canal del Dique
1982-05-31,134.2511017471552,Canal del Dique
1982-06-30,97.35237631201744,Canal del Dique
1982-07-31,60.65901055932045,Canal del Dique
1982-08-31,79.2050096616149,Canal del Dique
1982-09-30,156.6064927726984,Canal del Dique
1982-10-31,132.87294894456863,Canal del Dique
1982-11-30,50.7249541580677,Canal del Dique
1982-12-31,8.97610193490982,Canal del Dique
1983-01-31,3.5318996887654066,Canal del Dique
1983-02-28,1.409339189529419,Canal del Dique
1983-03-31,4.281842619180679,Canal del Dique
1983-04-30,67.25436678528786,Canal del Dique
1983-05-31,81.78726467490196,Canal del Dique
1983-06-30,115.53224909305573,Canal del Dique
1983-07-31,94.9174048230052,Canal del Dique
1983-08-31,74.63555701822042,Canal del Dique
1983-09-30,156.5610644966364,Canal del Dique
1983-10-31,164.7432863265276,Canal del Dique
1983-11-30,52.09554061293602,Canal del Dique
1983-12-31,36.65692017972469,Canal del Dique
1984-01-31,6.572197876870632,Canal del Dique
1984-02-29,8.403742849826813,Canal del Dique
1984-03-31,8.259737439453602,Canal del Dique
1984-04-30,41.511558055877686,Canal del Dique
1984-05-31,129.5405545681715,Canal del Dique
1984-06-30,96.63299390673637,Canal del Dique
1984-07-31,140.2916378378868,Canal del Dique
1984-08-31,170.21506786346436,Canal del Dique
1984-09-30,152.2651624083519,Canal del Dique
1984-10-31,217.69250470399857,Canal del Dique
1984-11-30,108.8817954286933,Canal del Dique
1984-12-31,6.1930822879076,Canal del Dique
1985-01-31,4.674489364027977,Canal del Dique
1985-02-28,1.6548099964857101,Canal del Dique
1985-03-31,0.14924856647849083,Canal del Dique
1985-04-30,24.03859183192253,Canal del Dique
1985-05-31,110.17300766706467,Canal del Dique
1985-06-30,86.66667041555047,Canal del Dique
1985-07-31,106.63460488244891,Canal del Dique
1985-08-31,137.30233074724674,Canal del Dique
1985-09-30,134.04819259047508,Canal del Dique
1985-10-31,179.64634981751442,Canal del Dique
1985-11-30,53.93168035149574,Canal del Dique
1985-12-31,48.19320631027222,Canal del Dique
1986-01-31,5.156563878059387,Canal del Dique
1986-02-28,6.882053688168526,Canal del Dique
1986-03-31,9.873762592673302,Canal del Dique
1986-04-30,98.20670300722122,Canal del Dique
1986-05-31,104.58899337053299,Canal del Dique
1986-06-30,80.096755489707,Canal del Dique
1986-07-31,28.224401403218508,Canal del Dique
1986-08-31,140.1531744003296,Canal del Dique
1986-09-30,92.67103664577007,Canal del Dique
1986-10-31,245.94070839881897,Canal del Dique
1986-11-30,29.495250888168812,Canal del Dique
1986-12-31,20.147759050130844,Canal del Dique
1987-01-31,5.816589966416359,Canal del Dique
1987-02-28,2.5821840465068817,Canal del Dique
1987-03-31,12.753970827907324,Canal del Dique
1987-04-30,85.87719305604696,Canal del Dique
1987-05-31,130.7546015214175,Canal del Dique
1987-06-30,118.49662905186415,Canal del Dique
1987-07-31,95.09677362069488,Canal del Dique
1987-08-31,101.6909089628607,Canal del Dique
1987-09-30,158.6893474459648,Canal del Dique
1987-10-31,186.07150655984879,Canal del Dique
1987-11-30,86.04293276369572,Canal del Dique
1987-12-31,33.32506164908409,Canal del Dique
1988-01-31,6.784342005848885,Canal del Dique
1988-02-29,2.7445037364959717,Canal del Dique
1988-03-31,4.0993861854076385,Canal del Dique
1988-04-30,33.18205336481333,Canal del Dique
1988-05-31,105.64426925778389,Canal del Dique
1988-06-30,171.66148608922958,Canal del Dique
1988-07-31,129.99776254594326,Canal del Dique
1988-08-31,249.57960510253906,Canal del Dique
1988-09-30,152.91357546672225,Canal del Dique
1988-10-31,282.2795881405473,Canal del Dique
1988-11-30,119.86588764190674,Canal del Dique
1988-12-31,20.422016888856888,Canal del Dique
1989-01-31,8.119189085438848,Canal del Dique
1989-02-28,4.4514941573143005,Canal del Dique
1989-03-31,9.509185880422592,Canal del Dique
1989-04-30,23.548752643167973,Canal del Dique
1989-05-31,92.54834687709808,Canal del Dique
1989-06-30,91.1118099540472,Canal del Dique
1989-07-31,120.96817046403885,Canal del Dique
1989-08-31,141.341618176084,Canal del Dique
1989-09-30,212.2240721117705,Canal del Dique
1989-10-31,117.59288426488638,Canal del Dique
1989-11-30,133.85812413692474,Canal del Dique
1989-12-31,48.398379266262054,Canal del Dique
1990-01-31,7.933531284332275,Canal del Dique
1990-02-28,5.407503247261047,Canal del Dique
1990-03-31,5.186960205435753,Canal del Dique
1990-04-30,47.8953423500061,Canal del Dique
1990-05-31,111.76991248130798,Canal del Dique
1990-06-30,94.99815057963133,Canal del Dique
1990-07-31,94.22710762545466,Canal del Dique
1990-08-31,139.10235702991486,Canal del Dique
1990-09-30,160.09518590942025,Canal del Dique
1990-10-31,222.62490701675415,Canal del Dique
1990-11-30,161.07634362578392,Canal del Dique
1990-12-31,52.18864030390978,Canal del Dique
1991-01-31,2.022921282798052,Canal del Dique
1991-02-28,1.770517535507679,Canal del Dique
1991-03-31,11.319573402404785,Canal del Dique
1991-04-30,45.879699885845184,Canal del Dique
1991-05-31,137.19433130323887,Canal del Dique
1991-06-30,102.5892849941738,Canal del Dique
1991-07-31,60.09847000986338,Canal del Dique
1991-08-31,83.77998612937517,Canal del Dique
1991-09-30,152.91736030578613,Canal del Dique
1991-10-31,133.21324050426483,Canal del Dique
1991-11-30,54.65315839648247,Canal del Dique
1991-12-31,7.756637468934059,Canal del Dique
1992-01-31,5.961892768740654,Canal del Dique
1992-02-29,0.7068328708410263,Canal del Dique
1992-03-31,1.3810123950242996,Canal del Dique
1992-04-30,54.828457318246365,Canal del Dique
1992-05-31,156.4281091094017,Canal del Dique
1992-06-30,103.55649280548096,Canal del Dique
1992-07-31,126.14564695954323,Canal del Dique
1992-08-31,112.81126189231873,Canal del Dique
1992-09-30,133.2464593052864,Canal del Dique
1992-10-31,169.0374570041895,Canal del Dique
1992-11-30,89.34711121022701,Canal del Dique
1992-12-31,20.857534408569336,Canal del Dique
1993-01-31,21.969671722501516,Canal del Dique
1993-02-28,3.133129518479109,Canal del Dique
1993-03-31,19.44711895287037,Canal del Dique
1993-04-30,87.28780733048916,Canal del Dique
1993-05-31,246.70057839155197,Canal del Dique
1993-06-30,82.29701898992062,Canal del Dique
1993-07-31,66.63784658908844,Canal del Dique
1993-08-31,98.77159559214488,Canal del Dique
1993-09-30,192.70708763599396,Canal del Dique
1993-10-31,131.5570396333933,Canal del Dique
1993-11-30,103.18638797849417,Canal del Dique
1993-12-31,20.660178244113922,Canal del Dique
1994-01-31,7.419838719069958,Canal del Dique
1994-02-28,3.761668235063553,Canal del Dique
1994-03-31,11.187969341874123,Canal del Dique
1994-04-30,56.43724325299263,Canal del Dique
1994-05-31,128.04360190033913,Canal del Dique
1994-06-30,88.17318174242973,Canal del Dique
1994-07-31,66.88891901448369,Canal del Dique
1994-08-31,137.53520326316357,Canal del Dique
1994-09-30,153.53297942876816,Canal del Dique
1994-10-31,107.82643958926201,Canal del Dique
1994-11-30,189.9595736414194,Canal del Dique
1994-12-31,8.582513302564621,Canal del Dique
1995-01-31,5.302199572324753,Canal del Dique
1995-02-28,0.5158026367425919,Canal del Dique
1995-03-31,5.989215165376663,Canal del Dique
1995-04-30,81.05745730549097,Canal del Dique
1995-05-31,124.42096507549286,Canal del Dique
1995-06-30,157.0878230035305,Canal del Dique
1995-07-31,237.33049422502518,Canal del Dique
1995-08-31,243.46921336650848,Canal del Dique
1995-09-30,116.5664281398058,Canal del Dique
1995-10-31,153.6759631037712,Canal del Dique
1995-11-30,73.18586187064648,Canal del Dique
1995-12-31,32.450543608516455,Canal del Dique
1996-01-31,15.160439372062683,Canal del Dique
1996-02-29,5.170936495065689,Canal del Dique
1996-03-31,9.588169820606709,Canal del Dique
1996-04-30,54.2941592335701,Canal del Dique
1996-05-31,166.06302370131016,Canal del Dique
1996-06-30,139.15438994765282,Canal del Dique
1996-07-31,130.1910568997264,Canal del Dique
1996-08-31,162.90887098759413,Canal del Dique
1996-09-30,145.78683948516846,Canal del Dique
1996-10-31,185.02520513534546,Canal del Dique
1996-11-30,137.8876097202301,Canal del Dique
1996-12-31,24.917253613471985,Canal del Dique
1997-01-31,6.89391702413559,Canal del Dique
1997-02-28,6.386114202439785,Canal del Dique
1997-03-31,0.0930548906326294,Canal del Dique
1997-04-30,57.16806858778,Canal del Dique
1997-05-31,89.0262581333518,Canal del Dique
1997-06-30,135.1560519337654,Canal del Dique
1997-07-31,35.963104378432035,Canal del Dique
1997-08-31,83.35628475248814,Canal del Dique
1997-09-30,109.61727035045624,Canal del Dique
1997-10-31,136.31796658039093,Canal del Dique
1997-11-30,126.21829418838024,Canal del Dique
1997-12-31,5.237263560295105,Canal del Dique
1998-01-31,1.87303426861763,Canal del Dique
1998-02-28,0.6175348535180092,Canal del Dique
1998-03-31,12.056449949741364,Canal del Dique
1998-04-30,61.12257881462574,Canal del Dique
1998-05-31,182.38767911493778,Canal del Dique
1998-06-30,96.73303526639938,Canal del Dique
1998-07-31,132.27961456775665,Canal del Dique
1998-08-31,143.42770725488663,Canal del Dique
1998-09-30,163.599702835083,Canal del Dique
1998-10-31,192.59092186391354,Canal del Dique
1998-11-30,140.33059242367744,Canal del Dique
1998-12-31,77.12830772995949,Canal del Dique
1999-01-31,6.901715159416199,Canal del Dique
1999-02-28,9.608277276158333,Canal del Dique
1999-03-31,29.893027491867542,Canal del Dique
1999-04-30,88.78436449170113,Canal del Dique
1999-05-31,123.47231064736843,Canal del Dique
1999-06-30,133.36746501922607,Canal del Dique
1999-07-31,109.14168456196785,Canal del Dique
1999-08-31,214.88678389787674,Canal del Dique
1999-09-30,221.10282492637634,Canal del Dique
1999-10-31,205.4477436542511,Canal del Dique
1999-11-30,182.27331663668156,Canal del Dique
1999-12-31,75.43831878900528,Canal del Dique
2000-01-31,10.90534520149231,Canal del Dique
2000-02-29,6.06667172908783,Canal del Dique
2000-03-31,13.518114211037755,Canal del Dique
2000-04-30,66.06689774990082,Canal del Dique
2000-05-31,144.56402730196714,Canal del Dique
2000-06-30,93.68326923251152,Canal del Dique
2000-07-31,141.42996244877577,Canal del Dique
2000-08-31,131.58412820100784,Canal del Dique
2000-09-30,128.39219550788403,Canal del Dique
2000-10-31,164.2456150650978,Canal del Dique
2000-11-30,89.47801068425179,Canal del Dique
2000-12-31,39.736391849815845,Canal del Dique
2001-01-31,7.389071688055992,Canal del Dique
2001-02-28,1.0838106870651245,Canal del Dique
2001-03-31,15.024323493242264,Canal del Dique
2001-04-30,50.98517833650112,Canal del Dique
2001-05-31,90.57676958292723,Canal del Dique
2001-06-30,59.75973213464022,Canal del Dique
2001-07-31,118.79326459765434,Canal del Dique
2001-08-31,100.59223437309265,Canal del Dique
2001-09-30,150.08279317617416,Canal del Dique
2001-10-31,185.58247269690037,Canal del Dique
2001-11-30,99.86701258644462,Canal del Dique
2001-12-31,66.73025228083134,Canal del Dique
2002-01-31,2.0905550718307495,Canal del Dique
2002-02-28,0.16482504457235336,Canal del Dique
2002-03-31,11.062289714813232,Canal del Dique
2002-04-30,64.50269541144371,Canal del Dique
2002-05-31,101.69286328554153,Canal del Dique
2002-06-30,99.78394626826048,Canal del Dique
2002-07-31,92.79629678279161,Canal del Dique
2002-08-31,100.83901518583298,Canal del Dique
2002-09-30,178.95559638738632,Canal del Dique
2002-10-31,139.58753246441483,Canal del Dique
2002-11-30,53.02426917850971,Canal del Dique
2002-12-31,20.085842609405518,Canal del Dique
2003-01-31,0.0,Canal del Dique
2003-02-28,2.9683420807123184,Canal del Dique
2003-03-31,11.643861830234528,Canal del Dique
2003-04-30,127.59891919791698,Canal del Dique
2003-05-31,81.61442726105452,Canal del Dique
2003-06-30,154.1572200357914,Canal del Dique
2003-07-31,125.64182242751122,Canal del Dique
2003-08-31,139.1596840620041,Canal del Dique
2003-09-30,134.81450229138136,Canal del Dique
2003-10-31,224.1431360244751,Canal del Dique
2003-11-30,147.54327954351902,Canal del Dique
2003-12-31,123.94092170149088,Canal del Dique
2004-01-31,6.651004508137703,Canal del Dique
2004-02-29,2.3324794746004045,Canal del Dique
2004-03-31,1.604500338435173,Canal del Dique
2004-04-30,64.42281560972333,Canal del Dique
2004-05-31,154.63549078255892,Canal del Dique
2004-06-30,85.82903879880905,Canal del Dique
2004-07-31,149.82737597823143,Canal del Dique
2004-08-31,153.98977737128735,Canal del Dique
2004-09-30,140.33659613132477,Canal del Dique
2004-10-31,185.8355466723442,Canal del Dique
2004-11-30,157.15343189239502,Canal del Dique
2004-12-31,13.005019843578339,Canal del Dique
2005-01-31,10.681577898561954,Canal del Dique
2005-02-28,0.1372465342283249,Canal del Dique
2005-03-31,13.008518099784851,Canal del Dique
2005-04-30,63.397964000701904,Canal del Dique
2005-05-31,152.81785437464714,Canal del Dique
2005-06-30,165.5622302889824,Canal del Dique
2005-07-31,109.31717669963837,Canal del Dique
2005-08-31,150.64244636893272,Canal del Dique
2005-09-30,150.8858734369278,Canal del Dique
2005-10-31,216.69631730020046,Canal del Dique
2005-11-30,145.78608772158623,Canal del Dique
2005-12-31,13.021500319242477,Canal del Dique
2006-01-31,16.1182610578835,Canal del Dique
2006-02-28,5.128527611494064,Canal del Dique
2006-03-31,17.85782877728343,Canal del Dique
2006-04-30,93.64877401292324,Canal del Dique
2006-05-31,204.472786039114,Canal del Dique
2006-06-30,140.4191843867302,Canal del Dique
2006-07-31,113.37377310171723,Canal del Dique
2006-08-31,134.05844812095165,Canal del Dique
2006-09-30,127.1820458471775,Canal del Dique
2006-10-31,168.9802626669407,Canal del Dique
2006-11-30,128.61680113524199,Canal del Dique
2006-12-31,27.04739861190319,Canal del Dique
2007-01-31,0.0,Canal del Dique
2007-02-28,2.553871713578701,Canal del Dique
2007-03-31,21.275957107543945,Canal del Dique
2007-04-30,135.19804629683495,Canal del Dique
2007-05-31,202.25965404510498,Canal del Dique
2007-06-30,96.7122607678175,Canal del Dique
2007-07-31,159.09357446432114,Canal del Dique
2007-08-31,236.22672003507614,Canal del Dique
2007-09-30,133.51437398791313,Canal del Dique
2007-10-31,243.49520611763,Canal del Dique
2007-11-30,92.44492921978235,Canal del Dique
2007-12-31,27.407142147421837,Canal del Dique
2008-01-31,5.126792624592781,Canal del Dique
2008-02-29,3.097964271903038,Canal del Dique
2008-03-31,18.507046842947602,Canal del Dique
2008-04-30,63.550378473475575,Canal del Dique
2008-05-31,113.06438438594341,Canal del Dique
2008-06-30,141.88801503181458,Canal del Dique
2008-07-31,139.36021199822426,Canal del Dique
2008-08-31,178.88526925444603,Canal del Dique
2008-09-30,223.64538177847862,Canal del Dique
2008-10-31,210.81079079210758,Canal del Dique
2008-11-30,211.12877810001373,Canal del Dique
2008-12-31,11.011258102953434,Canal del Dique
2009-01-31,8.651992797851562,Canal del Dique
2009-02-28,3.688321568071842,Canal del Dique
2009-03-31,16.40388633310795,Canal del Dique
2009-04-30,46.074262380599976,Canal del Dique
2009-05-31,139.8202669918537,Canal del Dique
2009-06-30,120.7064708173275,Canal del Dique
2009-07-31,59.72918000817299,Canal del Dique
2009-08-31,172.07164578139782,Canal del Dique
2009-09-30,124.56157138198614,Canal del Dique
2009-10-31,137.55498261749744,Canal del Dique
2009-11-30,103.27032452821732,Canal del Dique
2009-12-31,23.020858108997345,Canal del Dique
2010-01-31,5.497672468423843,Canal del Dique
2010-02-28,3.0278141275048256,Canal del Dique
2010-03-31,32.14529645256698,Canal del Dique
2010-04-30,76.83341708779335,Canal del Dique
2010-05-31,116.70641233026981,Canal del Dique
2010-06-30,195.44454461336136,Canal del Dique
2010-07-31,208.6864703297615,Canal del Dique
2010-08-31,202.40861167013645,Canal del Dique
2010-09-30,196.69389724731445,Canal del Dique
2010-10-31,250.04821380972862,Canal del Dique
2010-11-30,266.94372949004173,Canal del Dique
2010-12-31,85.05431526899338,Canal del Dique
2011-01-31,7.671943441033363,Canal del Dique
2011-02-28,7.788509204983711,Canal del Dique
2011-03-31,33.4629575163126,Canal del Dique
2011-04-30,58.82031528651714,Canal del Dique
2011-05-31,122.40451734140515,Canal del Dique
2011-06-30,126.40728601813316,Canal del Dique
2011-07-31,179.6218272447586,Canal del Dique
2011-08-31,168.25244471430779,Canal del Dique
2011-09-30,161.35645985603333,Canal del Dique
2011-10-31,333.0285457074642,Canal del Dique
2011-11-30,248.22032761573792,Canal del Dique
2011-12-31,69.59831303730607,Canal del Dique
2012-01-31,2.9196767397224903,Canal del Dique
2012-02-29,1.7957596331834793,Canal del Dique
2012-03-31,10.245051249861717,Canal del Dique
2012-04-30,102.17088335007429,Canal del Dique
2012-05-31,127.01778887212276,Canal del Dique
2012-06-30,84.4177959933877,Canal del Dique
2012-07-31,76.26508072018623,Canal del Dique
2012-08-31,186.25180111825466,Canal del Dique
2012-09-30,155.12911793589592,Canal del Dique
2012-10-31,146.00635382533073,Canal del Dique
2012-11-30,104.64741033315659,Canal del Dique
2012-12-31,26.415447264909744,Canal del Dique
2013-01-31,0.3451384976506233,Canal del Dique
2013-02-28,3.5945816300809383,Canal del Dique
2013-03-31,23.78101279400289,Canal del Dique
2013-04-30,69.9496501982212,Canal del Dique
2013-05-31,154.0423127412796,Canal del Dique
2013-06-30,120.19714510440826,Canal del Dique
2013-07-31,89.41642341017723,Canal del Dique
2013-08-31,197.7052705064416,Canal del Dique
2013-09-30,197.06078466773033,Canal del Dique
2013-10-31,185.99299839138985,Canal del Dique
2013-11-30,69.02472910284996,Canal del Dique
2013-12-31,18.31933803856373,Canal del Dique
2014-01-31,7.222011089324951,Canal del Dique
2014-02-28,1.747675634920597,Canal del Dique
2014-03-31,6.3504152819514275,Canal del Dique
2014-04-30,63.95207357406616,Canal del Dique
2014-05-31,81.29517202079296,Canal del Dique
2014-06-30,71.94353112578392,Canal del Dique
2014-07-31,70.36069291085005,Canal del Dique
2014-08-31,119.14239084720612,Canal del Dique
2014-09-30,217.99160611629486,Canal del Dique
2014-10-31,206.30299954116344,Canal del Dique
2014-11-30,116.76089161634445,Canal del Dique
2014-12-31,50.280395802110434,Canal del Dique
2015-01-31,6.5710243582725525,Canal del Dique
2015-02-28,1.807361587882042,Canal del Dique
2015-03-31,8.096103742718697,Canal del Dique
2015-04-30,25.894550919532776,Canal del Dique
2015-05-31,38.07872139662504,Canal del Dique
2015-06-30,44.215400852262974,Canal del Dique
2015-07-31,41.93396730720997,Canal del Dique
2015-08-31,113.16066265106201,Canal del Dique
2015-09-30,130.2186877131462,Canal del Dique
2015-10-31,105.105225533247,Canal del Dique
2015-11-30,117.91459418088198,Canal del Dique
2015-12-31,12.650037407875061,Canal del Dique
2016-01-31,1.8707319796085358,Canal del Dique
2016-02-29,0.9700580462813377,Canal del Dique
2016-03-31,1.4846265316009521,Canal del Dique
2016-04-30,44.38199904561043,Canal del Dique
2016-05-31,120.15320536494255,Canal del Dique
2016-06-30,94.1629747748375,Canal del Dique
2016-07-31,113.45629367977381,Canal del Dique
2016-08-31,144.75406008958817,Canal del Dique
2016-09-30,147.6490013897419,Canal del Dique
2016-10-31,325.5172139406204,Canal del Dique
2016-11-30,203.6428204625845,Canal del Dique
2016-12-31,34.659608617424965,Canal del Dique
2017-01-31,6.239021301269531,Canal del Dique
2017-02-28,4.596452236175537,Canal del Dique
2017-03-31,24.792991146445274,Canal del Dique
2017-04-30,70.53588776290417,Canal del Dique
2017-05-31,215.76300782710314,Canal del Dique
2017-06-30,115.57704462483525,Canal del Dique
2017-07-31,147.45194879174232,Canal del Dique
2017-08-31,148.30810441076756,Canal del Dique
2017-09-30,162.9209683984518,Canal del Dique
2017-10-31,132.41516663879156,Canal del Dique
2017-11-30,140.0523380190134,Canal del Dique
2017-12-31,25.0402851998806,Canal del Dique
2018-01-31,31.707790575921535,Canal del Dique
2018-02-28,0.42090484499931335,Canal del Dique
2018-03-31,4.19448903016746,Canal del Dique
2018-04-30,107.73601561784744,Canal del Dique
2018-05-31,150.7259738445282,Canal del Dique
2018-06-30,99.80966651812196,Canal del Dique
2018-07-31,79.11913038790226,Canal del Dique
2018-08-31,120.63974756374955,Canal del Dique
2018-09-30,160.3844184949994,Canal del Dique
2018-10-31,203.2962105870247,Canal del Dique
2018-11-30,94.09629765897989,Canal del Dique
2018-12-31,5.0930220708251,Canal del Dique
2019-01-31,5.307653516530991,Canal del Dique
2019-02-28,2.8545119613409042,Canal del Dique
2019-03-31,4.189733628183603,Canal del Dique
2019-04-30,64.9648671373725,Canal del Dique
2019-05-31,144.89804490283132,Canal del Dique
2019-06-30,82.4171371459961,Canal del Dique
2019-07-31,83.27293834462762,Canal del Dique
2019-08-31,132.377702370286,Canal del Dique
2019-09-30,168.3775178194046,Canal del Dique
2019-10-31,192.44232958555222,Canal del Dique
2019-11-30,80.09259117394686,Canal del Dique
2019-12-31,19.96210005134344,Canal del Dique
2020-01-31,3.2180911153554916,Canal del Dique
2020-02-29,0.30197012424468994,Canal del Dique
2020-03-31,0.8429653644561768,Canal del Dique
2020-04-30,51.793389501050115,Canal del Dique
2020-05-31,94.63294167816639,Canal del Dique
2020-06-30,120.91443902254105,Canal del Dique
2020-07-31,175.24408646672964,Canal del Dique
2020-08-31,202.97261828184128,Canal del Dique
2020-09-30,169.71191096305847,Canal del Dique
2020-10-31,203.81782047031447,Canal del Dique
2020-11-30,200.35172659158707,Canal del Dique
2020-12-31,23.221963934600353,Canal del Dique
2021-01-31,6.918098418042064,Canal del Dique
2021-02-28,3.6576805412769318,Canal del Dique
2021-03-31,10.059148997068405,Canal del Dique
2021-04-30,145.68942648172379,Canal del Dique
2021-05-31,97.17939515411854,Canal del Dique
2021-06-30,99.93862128257751,Canal del Dique
2021-07-31,90.46157498285174,Canal del Dique
2021-08-31,161.05858325213194,Canal del Dique
2021-09-30,156.16851197183132,Canal del Dique
2021-10-31,234.0657660961151,Canal del Dique
2021-11-30,81.76702761650085,Canal del Dique
2021-12-31,36.56283077597618,Canal del Dique
2022-01-31,2.23132161796093,Canal del Dique
2022-02-28,7.266347780823708,Canal del Dique
2022-03-31,19.942572962492704,Canal del Dique
2022-04-30,136.81006626784801,Canal del Dique
2022-05-31,144.0697768703103,Canal del Dique
2022-06-30,187.0496221780777,Canal del Dique
2022-07-31,151.1972980760038,Canal del Dique
2022-08-31,195.06411923468113,Canal del Dique
2022-09-30,224.6621803343296,Canal del Dique
2022-10-31,157.1380107998848,Canal del Dique
2022-11-30,259.6377276033163,Canal del Dique
2022-12-31,7.581841044127941,Canal del Dique
2023-01-31,15.229806210845709,Canal del Dique
2023-02-28,0.2957794666290283,Canal del Dique
2023-03-31,18.917752653360367,Canal del Dique
2023-04-30,68.00443321466446,Canal del Dique
2023-05-31,151.17511197179556,Canal del Dique
2023-06-30,142.62801843881607,Canal del Dique
2023-07-31,141.1428708434105,Canal del Dique
2023-08-31,160.9746775329113,Canal del Dique
2023-09-30,94.58656641840935,Canal del Dique
2023-10-31,232.13791122287512,Canal del Dique
2023-11-30,116.8178748190403,Canal del Dique
2023-12-31,15.854881100356579,Canal del Dique
2024-01-31,3.57448823004961,Canal del Dique
2024-02-29,3.3801840096712112,Canal del Dique
2024-03-31,2.9270480554550886,Canal del Dique
2024-04-30,88.50157984811813,Canal del Dique
2024-05-31,156.09396213293076,Canal del Dique
2024-06-30,189.88357269763947,Canal del Dique
2024-07-31,135.99455181136727,Canal del Dique
2024-08-31,142.4092409517616,Canal del Dique
2024-09-30,158.08988615497947,Canal del Dique
2024-10-31,224.81854024529457,Canal del Dique
2024-11-30,162.008024841547,Canal del Dique
2024-12-31,56.99909855425358,Canal del Dique
2025-01-31,13.181704446673393,Canal del Dique
2025-02-28,7.909875847399235,Canal del Dique
2025-03-31,14.874458825681359,Canal del Dique
2025-04-30,72.05217364430428,Canal del Dique
2025-05-31,152.62494948506355,Canal del Dique
2025-06-30,141.93634770810604,Canal del Dique
2025-07-31,103.09871684014797,Canal del Dique
2025-08-31,144.31234896928072,Canal del Dique
2025-09-30,169.74550580978394,Canal del Dique
2025-10-31,141.72169455885887,Canal del Dique
2025-11-30,85.68768883496523,Canal del Dique
2025-12-31,50.056137308478355,Canal del Dique
2026-01-31,34.62923362851143,Canal del Dique
2026-02-28,33.08606620132923,Canal del Dique
2026-03-31,14.654933497309685,Canal del Dique
2026-04-30,58.47227217257023,Canal del Dique
2026-05-31,59.99321541294921,Canal del Dique
1981-01-31,5.710542609915137,Caribe
1981-02-28,2.8675965666770935,Caribe
1981-03-31,4.977063596248627,Caribe
1981-04-30,63.88310359418392,Caribe
1981-05-31,174.21595948934555,Caribe
1981-06-30,111.078478962183,Caribe
1981-07-31,95.15948557853699,Caribe
1981-08-31,165.89136351644993,Caribe
1981-09-30,103.06723663210869,Caribe
1981-10-31,244.69580745697021,Caribe
1981-11-30,130.48058654367924,Caribe
1981-12-31,52.11451542377472,Caribe
1982-01-31,10.834655940532684,Caribe
1982-02-28,4.016355417668819,Caribe
1982-03-31,2.1109362989664078,Caribe
1982-04-30,37.67999941110611,Caribe
1982-05-31,134.27739845216274,Caribe
1982-06-30,119.05967378616333,Caribe
1982-07-31,57.73011672496796,Caribe
1982-08-31,36.55141820013523,Caribe
1982-09-30,113.41880244761705,Caribe
1982-10-31,151.67185735702515,Caribe
1982-11-30,54.05157780647278,Caribe
1982-12-31,9.433433324098587,Caribe
1983-01-31,2.0347973629832268,Caribe
1983-02-28,0.8504122346639633,Caribe
1983-03-31,1.6198250520974398,Caribe
1983-04-30,29.39961325377226,Caribe
1983-05-31,40.07953957468271,Caribe
1983-06-30,98.6187109425664,Caribe
1983-07-31,72.4407268166542,Caribe
1983-08-31,40.33171555399895,Caribe
1983-09-30,130.84062147140503,Caribe
1983-10-31,191.54720363020897,Caribe
1983-11-30,50.05617307126522,Caribe
1983-12-31,24.777169227600098,Caribe
1984-01-31,4.467037379741669,Caribe
1984-02-29,3.9291388168931007,Caribe
1984-03-31,4.916920557618141,Caribe
1984-04-30,27.50621046870947,Caribe
1984-05-31,84.47958542406559,Caribe
1984-06-30,91.27511656284332,Caribe
1984-07-31,130.78065341711044,Caribe
1984-08-31,121.50999635644257,Caribe
1984-09-30,141.6165054142475,Caribe
1984-10-31,227.43865102529526,Caribe
1984-11-30,117.56549482420087,Caribe
1984-12-31,5.387389928102493,Caribe
1985-01-31,4.35841491818428,Caribe
1985-02-28,0.42757347226142883,Caribe
1985-03-31,0.0,Caribe
1985-04-30,11.40993446111679,Caribe
1985-05-31,95.57100757956505,Caribe
1985-06-30,86.02423197217286,Caribe
1985-07-31,92.54409989714622,Caribe
1985-08-31,104.66663593053818,Caribe
1985-09-30,123.95115429162979,Caribe
1985-10-31,205.9849973320961,Caribe
1985-11-30,51.995474740862846,Caribe
1985-12-31,58.88252866268158,Caribe
1986-01-31,0.7769052088260651,Caribe
1986-02-28,5.200247287750244,Caribe
1986-03-31,5.5604512095451355,Caribe
1986-04-30,59.207128666341305,Caribe
1986-05-31,88.88390511274338,Caribe
1986-06-30,66.68835145235062,Caribe
1986-07-31,22.070678174495697,Caribe
1986-08-31,89.92732778191566,Caribe
1986-09-30,93.73187020421028,Caribe
1986-10-31,263.3919554054737,Caribe
1986-11-30,26.210715919733047,Caribe
1986-12-31,13.395864963531494,Caribe
1987-01-31,2.896107777953148,Caribe
1987-02-28,2.250585198402405,Caribe
1987-03-31,3.133987385779619,Caribe
1987-04-30,64.94786396622658,Caribe
1987-05-31,109.06406022515148,Caribe
1987-06-30,86.73672852665186,Caribe
1987-07-31,77.94911882281303,Caribe
1987-08-31,92.01136568561196,Caribe
1987-09-30,177.73911142349243,Caribe
1987-10-31,254.19643133878708,Caribe
1987-11-30,85.7750115096569,Caribe
1987-12-31,30.830677032470703,Caribe
1988-01-31,5.362668037414551,Caribe
1988-02-29,1.9595870077610016,Caribe
1988-03-31,2.1081387996673584,Caribe
1988-04-30,10.584473244845867,Caribe
1988-05-31,89.43998789787292,Caribe
1988-06-30,195.51976895332336,Caribe
1988-07-31,129.2870350331068,Caribe
1988-08-31,238.0035251379013,Caribe
1988-09-30,145.9878021106124,Caribe
1988-10-31,300.6182031035423,Caribe
1988-11-30,130.32599020004272,Caribe
1988-12-31,13.645498808473349,Caribe
1989-01-31,5.358145922422409,Caribe
1989-02-28,3.5553386211395264,Caribe
1989-03-31,3.747381515800953,Caribe
1989-04-30,9.571003556251526,Caribe
1989-05-31,51.774629617109895,Caribe
1989-06-30,98.23990295827389,Caribe
1989-07-31,100.59351561963558,Caribe
1989-08-31,125.91570642590523,Caribe
1989-09-30,212.5073136240244,Caribe
1989-10-31,139.81537857279181,Caribe
1989-11-30,128.93936372548342,Caribe
1989-12-31,60.28595243394375,Caribe
1990-01-31,6.79790049046278,Caribe
1990-02-28,3.3046393655240536,Caribe
1990-03-31,1.1115517541766167,Caribe
1990-04-30,29.848243415355682,Caribe
1990-05-31,94.20640528202057,Caribe
1990-06-30,104.84767457842827,Caribe
1990-07-31,63.96652668714523,Caribe
1990-08-31,99.99386304616928,Caribe
1990-09-30,132.50728174299002,Caribe
1990-10-31,313.5436626970768,Caribe
1990-11-30,144.14753085374832,Caribe
1990-12-31,59.7233991920948,Caribe
1991-01-31,0.0,Caribe
1991-02-28,1.2599974274635315,Caribe
1991-03-31,3.7535997927188873,Caribe
1991-04-30,22.82945716381073,Caribe
1991-05-31,110.23472285270691,Caribe
1991-06-30,99.47824496030807,Caribe
1991-07-31,43.86265072226524,Caribe
1991-08-31,61.530054649338126,Caribe
1991-09-30,162.27841684035957,Caribe
1991-10-31,139.1252008676529,Caribe
1991-11-30,31.803794234991074,Caribe
1991-12-31,7.065046191215515,Caribe
1992-01-31,2.5416829250752926,Caribe
1992-02-29,0.42724233865737915,Caribe
1992-03-31,0.40195754170417786,Caribe
1992-04-30,23.631195820868015,Caribe
1992-05-31,128.6255328655243,Caribe
1992-06-30,88.5741527788341,Caribe
1992-07-31,117.10314247012138,Caribe
1992-08-31,75.47326823696494,Caribe
1992-09-30,105.95553427934647,Caribe
1992-10-31,178.30006332695484,Caribe
1992-11-30,88.40239241719246,Caribe
1992-12-31,16.030326329171658,Caribe
1993-01-31,15.763273637741804,Caribe
1993-02-28,2.3942790031433105,Caribe
1993-03-31,7.207757152616978,Caribe
1993-04-30,49.13405439630151,Caribe
1993-05-31,244.86190298199654,Caribe
1993-06-30,76.32036291062832,Caribe
1993-07-31,60.35816112905741,Caribe
1993-08-31,60.98172657703981,Caribe
1993-09-30,154.26079472899437,Caribe
1993-10-31,131.1987934075296,Caribe
1993-11-30,110.02428558468819,Caribe
1993-12-31,12.591917768120766,Caribe
1994-01-31,3.977485068142414,Caribe
1994-02-28,1.5264902040362358,Caribe
1994-03-31,5.732827045023441,Caribe
1994-04-30,20.190500527620316,Caribe
1994-05-31,121.90044322609901,Caribe
1994-06-30,60.47084975242615,Caribe
1994-07-31,62.73574351519346,Caribe
1994-08-31,103.40353336930275,Caribe
1994-09-30,102.1455086171627,Caribe
1994-10-31,119.89959779381752,Caribe
1994-11-30,209.8824910223484,Caribe
1994-12-31,6.2588371485471725,Caribe
1995-01-31,1.3524615969508886,Caribe
1995-02-28,0.4291207417845726,Caribe
1995-03-31,3.046385295689106,Caribe
1995-04-30,45.89854947477579,Caribe
1995-05-31,116.95722894370556,Caribe
1995-06-30,161.26719677448273,Caribe
1995-07-31,239.0025354027748,Caribe
1995-08-31,236.33189356327057,Caribe
1995-09-30,115.9499477148056,Caribe
1995-10-31,171.81196850538254,Caribe
1995-11-30,68.50885438919067,Caribe
1995-12-31,25.84142979234457,Caribe
1996-01-31,6.884462058544159,Caribe
1996-02-29,2.4362394213676453,Caribe
1996-03-31,4.082087770104408,Caribe
1996-04-30,27.654729038476944,Caribe
1996-05-31,143.48009502887726,Caribe
1996-06-30,109.57538148760796,Caribe
1996-07-31,113.80027128756046,Caribe
1996-08-31,115.31547713279724,Caribe
1996-09-30,142.075782507658,Caribe
1996-10-31,195.4944433569908,Caribe
1996-11-30,150.1199876666069,Caribe
1996-12-31,16.825794015079737,Caribe
1997-01-31,2.8244335502386093,Caribe
1997-02-28,3.281065210700035,Caribe
1997-03-31,0.0,Caribe
1997-04-30,34.03209978342056,Caribe
1997-05-31,51.30661028623581,Caribe
1997-06-30,147.45392248034477,Caribe
1997-07-31,20.052594549953938,Caribe
1997-08-31,42.30164411664009,Caribe
1997-09-30,96.648103967309,Caribe
1997-10-31,144.13617047667503,Caribe
1997-11-30,135.06164953112602,Caribe
1997-12-31,5.436826467514038,Caribe
1998-01-31,0.5501782707870007,Caribe
1998-02-28,1.1153297871351242,Caribe
1998-03-31,4.213874347507954,Caribe
1998-04-30,28.273928362876177,Caribe
1998-05-31,151.01253865659237,Caribe
1998-06-30,105.96933725476265,Caribe
1998-07-31,111.43976853787899,Caribe
1998-08-31,119.4379341006279,Caribe
1998-09-30,179.40629455447197,Caribe
1998-10-31,238.7200953066349,Caribe
1998-11-30,131.32380628585815,Caribe
1998-12-31,72.41894552111626,Caribe
1999-01-31,4.091520000249147,Caribe
1999-02-28,6.310594320297241,Caribe
1999-03-31,11.495477762073278,Caribe
1999-04-30,51.388644836843014,Caribe
1999-05-31,93.01094064861536,Caribe
1999-06-30,151.17714077979326,Caribe
1999-07-31,101.60482543706894,Caribe
1999-08-31,170.63381505012512,Caribe
1999-09-30,231.6736912727356,Caribe
1999-10-31,281.04891723394394,Caribe
1999-11-30,234.44300335645676,Caribe
1999-12-31,84.45432822406292,Caribe
2000-01-31,6.618017256259918,Caribe
2000-02-29,2.1613162867724895,Caribe
2000-03-31,5.914093941450119,Caribe
2000-04-30,50.68895244598389,Caribe
2000-05-31,98.36084267497063,Caribe
2000-06-30,83.47154020518064,Caribe
2000-07-31,108.84269711375237,Caribe
2000-08-31,87.62312734127045,Caribe
2000-09-30,155.18732481449842,Caribe
2000-10-31,206.91541346907616,Caribe
2000-11-30,79.32021477818489,Caribe
2000-12-31,52.16968449950218,Caribe
2001-01-31,5.907331705093384,Caribe
2001-02-28,0.5758215636014938,Caribe
2001-03-31,3.9843463748693466,Caribe
2001-04-30,15.500433146953583,Caribe
2001-05-31,72.31463848799467,Caribe
2001-06-30,58.29323134571314,Caribe
2001-07-31,88.9667272567749,Caribe
2001-08-31,76.29149194806814,Caribe
2001-09-30,147.46903920918703,Caribe
2001-10-31,194.86567664146423,Caribe
2001-11-30,99.18718326091766,Caribe
2001-12-31,74.98860938102007,Caribe
2002-01-31,0.0,Caribe
2002-02-28,0.0,Caribe
2002-03-31,3.532967269420624,Caribe
2002-04-30,26.668040242046118,Caribe
2002-05-31,73.43295734375715,Caribe
2002-06-30,80.45688509941101,Caribe
2002-07-31,68.85250808298588,Caribe
2002-08-31,83.26567669957876,Caribe
2002-09-30,168.59542244672775,Caribe
2002-10-31,145.83834180235863,Caribe
2002-11-30,50.97597744315863,Caribe
2002-12-31,14.172606155276299,Caribe
2003-01-31,0.0,Caribe
2003-02-28,0.443967267870903,Caribe
2003-03-31,4.527718618512154,Caribe
2003-04-30,82.93939760327339,Caribe
2003-05-31,64.03815332055092,Caribe
2003-06-30,167.38514862954617,Caribe
2003-07-31,104.49303156137466,Caribe
2003-08-31,107.11319524049759,Caribe
2003-09-30,157.81105488538742,Caribe
2003-10-31,238.30568327009678,Caribe
2003-11-30,184.0465792864561,Caribe
2003-12-31,138.4778801202774,Caribe
2004-01-31,1.902959629893303,Caribe
2004-02-29,1.1552544236183167,Caribe
2004-03-31,0.0,Caribe
2004-04-30,39.81642618775368,Caribe
2004-05-31,146.26281674206257,Caribe
2004-06-30,65.09149686060846,Caribe
2004-07-31,146.0704598724842,Caribe
2004-08-31,131.1123170554638,Caribe
2004-09-30,141.4568046927452,Caribe
2004-10-31,231.2127691656351,Caribe
2004-11-30,146.84816953539848,Caribe
2004-12-31,12.108429282903671,Caribe
2005-01-31,5.589862823486328,Caribe
2005-02-28,0.254949152469635,Caribe
2005-03-31,5.3405891209840775,Caribe
2005-04-30,41.70937421917915,Caribe
2005-05-31,127.57363533973694,Caribe
2005-06-30,170.2216351106763,Caribe
2005-07-31,91.26926562190056,Caribe
2005-08-31,122.60504348576069,Caribe
2005-09-30,159.24433180689812,Caribe
2005-10-31,271.9090530872345,Caribe
2005-11-30,178.32221102714539,Caribe
2005-12-31,8.918679058551788,Caribe
2006-01-31,11.252277705818415,Caribe
2006-02-28,3.7934644520282745,Caribe
2006-03-31,9.424190051853657,Caribe
2006-04-30,49.943691566586494,Caribe
2006-05-31,151.7676120698452,Caribe
2006-06-30,125.20233780145645,Caribe
2006-07-31,109.16339385509491,Caribe
2006-08-31,101.8211861550808,Caribe
2006-09-30,128.08760760724545,Caribe
2006-10-31,178.72165696322918,Caribe
2006-11-30,151.87688606977463,Caribe
2006-12-31,23.865689635276794,Caribe
2007-01-31,0.0,Caribe
2007-02-28,0.4939022660255432,Caribe
2007-03-31,4.054061233997345,Caribe
2007-04-30,119.28836627304554,Caribe
2007-05-31,164.26657062768936,Caribe
2007-06-30,94.40263197571039,Caribe
2007-07-31,135.9260556101799,Caribe
2007-08-31,241.0426178574562,Caribe
2007-09-30,125.73952309787273,Caribe
2007-10-31,286.3779050707817,Caribe
2007-11-30,70.3101068586111,Caribe
2007-12-31,22.413581490516663,Caribe
2008-01-31,0.20243176817893982,Caribe
2008-02-29,1.351105809211731,Caribe
2008-03-31,7.688282605260611,Caribe
2008-04-30,33.48115260899067,Caribe
2008-05-31,91.0039572045207,Caribe
2008-06-30,113.82780233025551,Caribe
2008-07-31,127.85402127355337,Caribe
2008-08-31,173.360024869442,Caribe
2008-09-30,192.81151893734932,Caribe
2008-10-31,257.76954540610313,Caribe
2008-11-30,245.30974528193474,Caribe
2008-12-31,13.837576877325773,Caribe
2009-01-31,4.2460417076945305,Caribe
2009-02-28,2.5812851190567017,Caribe
2009-03-31,3.318443830765318,Caribe
2009-04-30,14.309450514614582,Caribe
2009-05-31,93.33700576424599,Caribe
2009-06-30,147.529123544693,Caribe
2009-07-31,35.985344894230366,Caribe
2009-08-31,124.84258443117142,Caribe
2009-09-30,90.4150652103126,Caribe
2009-10-31,140.8931894004345,Caribe
2009-11-30,114.48687136918306,Caribe
2009-12-31,21.439669512212276,Caribe
2010-01-31,3.865606963634491,Caribe
2010-02-28,1.433519721031189,Caribe
2010-03-31,13.04489529132843,Caribe
2010-04-30,46.82869412004948,Caribe
2010-05-31,117.30759981274605,Caribe
2010-06-30,246.22036600112915,Caribe
2010-07-31,259.9723540917039,Caribe
2010-08-31,213.33122730255127,Caribe
2010-09-30,211.6374980211258,Caribe
2010-10-31,332.93309211730957,Caribe
2010-11-30,303.82104517519474,Caribe
2010-12-31,102.25130081176758,Caribe
2011-01-31,4.6687213853001595,Caribe
2011-02-28,5.153298318386078,Caribe
2011-03-31,11.972452491521835,Caribe
2011-04-30,43.99018817394972,Caribe
2011-05-31,122.91901090741158,Caribe
2011-06-30,175.32427890598774,Caribe
2011-07-31,184.5276810824871,Caribe
2011-08-31,161.93570190668106,Caribe
2011-09-30,182.0378416776657,Caribe
2011-10-31,369.69455513358116,Caribe
2011-11-30,278.73101522028446,Caribe
2011-12-31,62.05198086053133,Caribe
2012-01-31,0.3345593810081482,Caribe
2012-02-29,0.6387803852558136,Caribe
2012-03-31,4.0640904903411865,Caribe
2012-04-30,86.7121404260397,Caribe
2012-05-31,104.44869949668646,Caribe
2012-06-30,96.50974121689796,Caribe
2012-07-31,45.8972629904747,Caribe
2012-08-31,159.26261503994465,Caribe
2012-09-30,141.29024773836136,Caribe
2012-10-31,178.4099051207304,Caribe
2012-11-30,109.6558244228363,Caribe
2012-12-31,21.695872902870178,Caribe
2013-01-31,0.0,Caribe
2013-02-28,2.8839050829410553,Caribe
2013-03-31,8.709820221178234,Caribe
2013-04-30,35.05048158764839,Caribe
2013-05-31,128.65820401906967,Caribe
2013-06-30,112.30960953235626,Caribe
2013-07-31,77.44638760387897,Caribe
2013-08-31,172.18142956495285,Caribe
2013-09-30,181.03810667991638,Caribe
2013-10-31,222.2833188176155,Caribe
2013-11-30,59.06924223899841,Caribe
2013-12-31,16.79735930263996,Caribe
2014-01-31,5.28902530670166,Caribe
2014-02-28,1.4719821140170097,Caribe
2014-03-31,1.8362693823873997,Caribe
2014-04-30,21.65191538259387,Caribe
2014-05-31,59.8148427605629,Caribe
2014-06-30,51.92758283019066,Caribe
2014-07-31,49.6440596729517,Caribe
2014-08-31,91.05413402616978,Caribe
2014-09-30,189.12645020335913,Caribe
2014-10-31,250.62154558300972,Caribe
2014-11-30,101.04828373342752,Caribe
2014-12-31,49.48352783918381,Caribe
2015-01-31,1.4211847707629204,Caribe
2015-02-28,0.4323898106813431,Caribe
2015-03-31,4.077251672744751,Caribe
2015-04-30,12.148726921528578,Caribe
2015-05-31,25.15519205853343,Caribe
2015-06-30,33.36200633645058,Caribe
2015-07-31,31.416278265416622,Caribe
2015-08-31,67.70719213783741,Caribe
2015-09-30,90.08677737042308,Caribe
2015-10-31,100.56320151686668,Caribe
2015-11-30,106.01363611407578,Caribe
2015-12-31,9.227420330047607,Caribe
2016-01-31,0.0,Caribe
2016-02-29,0.20707250386476517,Caribe
2016-03-31,0.0,Caribe
2016-04-30,23.460008293390274,Caribe
2016-05-31,110.12005051970482,Caribe
2016-06-30,88.0259701013565,Caribe
2016-07-31,84.88598462194204,Caribe
2016-08-31,87.98126638308167,Caribe
2016-09-30,131.23772241175175,Caribe
2016-10-31,343.7984121441841,Caribe
2016-11-30,230.27897642552853,Caribe
2016-12-31,33.102589309215546,Caribe
2017-01-31,3.713084854185581,Caribe
2017-02-28,1.3200518935918808,Caribe
2017-03-31,12.766701355576515,Caribe
2017-04-30,31.539781406521797,Caribe
2017-05-31,170.9738567173481,Caribe
2017-06-30,125.69839587807655,Caribe
2017-07-31,141.30134350061417,Caribe
2017-08-31,136.2478766515851,Caribe
2017-09-30,169.24323754012585,Caribe
2017-10-31,137.79082798212767,Caribe
2017-11-30,148.93662672489882,Caribe
2017-12-31,24.245470210909843,Caribe
2018-01-31,19.006561011075974,Caribe
2018-02-28,0.19127056747674942,Caribe
2018-03-31,0.5189133286476135,Caribe
2018-04-30,68.11822819709778,Caribe
2018-05-31,150.46511378884315,Caribe
2018-06-30,92.31026528775692,Caribe
2018-07-31,59.23571190237999,Caribe
2018-08-31,78.12863906100392,Caribe
2018-09-30,124.97970916330814,Caribe
2018-10-31,233.6493308097124,Caribe
2018-11-30,78.55596363544464,Caribe
2018-12-31,5.60056034475565,Caribe
2019-01-31,0.4250990003347397,Caribe
2019-02-28,1.5634660497307777,Caribe
2019-03-31,0.0,Caribe
2019-04-30,25.454849272966385,Caribe
2019-05-31,119.81318917870522,Caribe
2019-06-30,79.0165397003293,Caribe
2019-07-31,59.82202457636595,Caribe
2019-08-31,91.55797632038593,Caribe
2019-09-30,160.24136313796043,Caribe
2019-10-31,215.88989448547363,Caribe
2019-11-30,60.71714652329683,Caribe
2019-12-31,18.028679754585028,Caribe
2020-01-31,0.4031849056482315,Caribe
2020-02-29,0.19797546416521072,Caribe
2020-03-31,0.0,Caribe
2020-04-30,20.733285784721375,Caribe
2020-05-31,93.24487208016217,Caribe
2020-06-30,120.50260868668556,Caribe
2020-07-31,190.08786280453205,Caribe
2020-08-31,176.4677381068468,Caribe
2020-09-30,180.32468938827515,Caribe
2020-10-31,227.22878423822112,Caribe
2020-11-30,250.40230399370193,Caribe
2020-12-31,29.847955286502838,Caribe
2021-01-31,6.002183318138123,Caribe
2021-02-28,3.0880931317806244,Caribe
2021-03-31,4.100070148706436,Caribe
2021-04-30,73.76727517694235,Caribe
2021-05-31,72.69390807673335,Caribe
2021-06-30,92.89606045931578,Caribe
2021-07-31,81.86374755948782,Caribe
2021-08-31,119.13245100155473,Caribe
2021-09-30,134.95353184640408,Caribe
2021-10-31,343.3312403559685,Caribe
2021-11-30,100.8396987169981,Caribe
2021-12-31,37.251153990626335,Caribe
2022-01-31,0.0,Caribe
2022-02-28,2.383650243282318,Caribe
2022-03-31,8.19034842774272,Caribe
2022-04-30,84.75426703691483,Caribe
2022-05-31,107.62823156267405,Caribe
2022-06-30,256.0442804098129,Caribe
2022-07-31,133.81498570740223,Caribe
2022-08-31,167.219162940979,Caribe
2022-09-30,238.93227425217628,Caribe
2022-10-31,210.2126925289631,Caribe
2022-11-30,265.5032100081444,Caribe
2022-12-31,5.793432042002678,Caribe
2023-01-31,5.4123163260519505,Caribe
2023-02-28,0.1989019438624382,Caribe
2023-03-31,9.908703185617924,Caribe
2023-04-30,59.147641718387604,Caribe
2023-05-31,119.01747885346413,Caribe
2023-06-30,157.4637100249529,Caribe
2023-07-31,149.39410772919655,Caribe
2023-08-31,114.36005102843046,Caribe
2023-09-30,85.03218984603882,Caribe
2023-10-31,270.6492055505514,Caribe
2023-11-30,114.77638537436724,Caribe
2023-12-31,14.782372385263443,Caribe
2024-01-31,0.32790983468294144,Caribe
2024-02-29,0.89769247174263,Caribe
2024-03-31,1.5605475902557373,Caribe
2024-04-30,46.83503224825836,Caribe
2024-05-31,163.65041672065854,Caribe
2024-06-30,226.68063700199127,Caribe
2024-07-31,151.7264966070652,Caribe
2024-08-31,138.8140182942152,Caribe
2024-09-30,182.14811071753502,Caribe
2024-10-31,267.7137062624097,Caribe
2024-11-30,196.99329289793968,Caribe
2024-12-31,47.04186414182186,Caribe
2025-01-31,11.047852843999863,Caribe
2025-02-28,4.884686501696706,Caribe
2025-03-31,3.7525162510573864,Caribe
2025-04-30,42.388401955366135,Caribe
2025-05-31,151.42424169182777,Caribe
2025-06-30,144.61354392766953,Caribe
2025-07-31,65.22272922098637,Caribe
2025-08-31,104.10704121738672,Caribe
2025-09-30,164.31573989987373,Caribe
2025-10-31,182.5271379891783,Caribe
2025-11-30,93.54087156802416,Caribe
2025-12-31,45.79298631846905,Caribe
2026-01-31,21.485511541366577,Caribe
2026-02-28,31.131668783724308,Caribe
2026-03-31,2.0186780765652657,Caribe
2026-04-30,28.480861753225327,Caribe
2026-05-31,33.59445626287568,Caribe
1981-01-31,1.50306236743927,Mallorquin
1981-02-28,2.5706236362457275,Mallorquin
1981-03-31,7.49567848443985,Mallorquin
1981-04-30,63.34227406978607,Mallorquin
1981-05-31,178.36731731891632,Mallorquin
1981-06-30,90.20942848920822,Mallorquin
1981-07-31,82.94042700529099,Mallorquin
1981-08-31,140.52604293823242,Mallorquin
1981-09-30,98.7573371231556,Mallorquin
1981-10-31,185.39335191249847,Mallorquin
1981-11-30,131.06774228811264,Mallorquin
1981-12-31,78.06550240516663,Mallorquin
1982-01-31,8.193972364068031,Mallorquin
1982-02-28,4.014427155256271,Mallorquin
1982-03-31,3.568676173686981,Mallorquin
1982-04-30,24.96302080154419,Mallorquin
1982-05-31,134.4479409456253,Mallorquin
1982-06-30,106.20537954568863,Mallorquin
1982-07-31,56.127457201480865,Mallorquin
1982-08-31,26.175144493579865,Mallorquin
1982-09-30,124.60978019237518,Mallorquin
1982-10-31,132.04497969150543,Mallorquin
1982-11-30,38.08510208129883,Mallorquin
1982-12-31,4.13405904173851,Mallorquin
1983-01-31,0.0,Mallorquin
1983-02-28,0.459480881690979,Mallorquin
1983-03-31,3.2020026445388794,Mallorquin
1983-04-30,21.821549654006958,Mallorquin
1983-05-31,36.06342028081417,Mallorquin
1983-06-30,73.80105674266815,Mallorquin
1983-07-31,55.705882623791695,Mallorquin
1983-08-31,34.950676172971725,Mallorquin
1983-09-30,75.97355873137712,Mallorquin
1983-10-31,160.5930736362934,Mallorquin
1983-11-30,48.173470467329025,Mallorquin
1983-12-31,13.701509356498718,Mallorquin
1984-01-31,1.0017009377479553,Mallorquin
1984-02-29,3.74238158762455,Mallorquin
1984-03-31,5.903965055942535,Mallorquin
1984-04-30,12.606878742575645,Mallorquin
1984-05-31,48.015883803367615,Mallorquin
1984-06-30,96.26612824201584,Mallorquin
1984-07-31,140.31959754228592,Mallorquin
1984-08-31,66.42086479067802,Mallorquin
1984-09-30,163.5421845316887,Mallorquin
1984-10-31,164.86297380924225,Mallorquin
1984-11-30,102.03094911575317,Mallorquin
1984-12-31,3.368398904800415,Mallorquin
1985-01-31,2.0743672847747803,Mallorquin
1985-02-28,0.0,Mallorquin
1985-03-31,0.0,Mallorquin
1985-04-30,8.518744349479675,Mallorquin
1985-05-31,61.90770727396011,Mallorquin
1985-06-30,66.59726442396641,Mallorquin
1985-07-31,84.50818926095963,Mallorquin
1985-08-31,92.66076865792274,Mallorquin
1985-09-30,115.10644283890724,Mallorquin
1985-10-31,180.69554856419563,Mallorquin
1985-11-30,48.724543392658234,Mallorquin
1985-12-31,53.276296615600586,Mallorquin
1986-01-31,0.43885907530784607,Mallorquin
1986-02-28,3.6122400760650635,Mallorquin
1986-03-31,4.5174806118011475,Mallorquin
1986-04-30,37.92865256220102,Mallorquin
1986-05-31,113.86800599098206,Mallorquin
1986-06-30,67.50773072242737,Mallorquin
1986-07-31,20.408887311816216,Mallorquin
1986-08-31,78.38918578624725,Mallorquin
1986-09-30,91.75709787011147,Mallorquin
1986-10-31,209.9654496908188,Mallorquin
1986-11-30,20.127006828784943,Mallorquin
1986-12-31,10.743624448776245,Mallorquin
1987-01-31,1.5088550448417664,Mallorquin
1987-02-28,1.211952567100525,Mallorquin
1987-03-31,2.162928581237793,Mallorquin
1987-04-30,70.27052974700928,Mallorquin
1987-05-31,106.03230023384094,Mallorquin
1987-06-30,66.5133914500475,Mallorquin
1987-07-31,71.22164389491081,Mallorquin
1987-08-31,108.61950075626373,Mallorquin
1987-09-30,149.9399660229683,Mallorquin
1987-10-31,244.04456496238708,Mallorquin
1987-11-30,62.468829080462456,Mallorquin
1987-12-31,36.18724834918976,Mallorquin
1988-01-31,3.9214353561401367,Mallorquin
1988-02-29,0.870673418045044,Mallorquin
1988-03-31,3.2477989196777344,Mallorquin
1988-04-30,5.476464003324509,Mallorquin
1988-05-31,97.23165792226791,Mallorquin
1988-06-30,187.0939626097679,Mallorquin
1988-07-31,111.58349791169167,Mallorquin
1988-08-31,228.9674973487854,Mallorquin
1988-09-30,113.6371254324913,Mallorquin
1988-10-31,202.7848133444786,Mallorquin
1988-11-30,117.97093844413757,Mallorquin
1988-12-31,9.469369053840637,Mallorquin
1989-01-31,3.032882273197174,Mallorquin
1989-02-28,2.964549832046032,Mallorquin
1989-03-31,5.623986542224884,Mallorquin
1989-04-30,3.7846920490264893,Mallorquin
1989-05-31,46.4733127951622,Mallorquin
1989-06-30,66.58696222305298,Mallorquin
1989-07-31,84.97346377372742,Mallorquin
1989-08-31,117.81270265579224,Mallorquin
1989-09-30,202.20524133741856,Mallorquin
1989-10-31,120.53999376296997,Mallorquin
1989-11-30,111.1524615585804,Mallorquin
1989-12-31,53.829053804278374,Mallorquin
1990-01-31,5.254881411790848,Mallorquin
1990-02-28,2.3321993350982666,Mallorquin
1990-03-31,0.5795116424560547,Mallorquin
1990-04-30,19.873116314411163,Mallorquin
1990-05-31,66.64766560867429,Mallorquin
1990-06-30,71.28127313405275,Mallorquin
1990-07-31,55.34652689099312,Mallorquin
1990-08-31,106.5868672132492,Mallorquin
1990-09-30,105.36559034883976,Mallorquin
1990-10-31,270.61221277713776,Mallorquin
1990-11-30,137.75029873847961,Mallorquin
1990-12-31,46.45070481300354,Mallorquin
1991-01-31,0.0,Mallorquin
1991-02-28,0.0,Mallorquin
1991-03-31,1.9404333233833313,Mallorquin
1991-04-30,20.78404426574707,Mallorquin
1991-05-31,88.29094496369362,Mallorquin
1991-06-30,75.81106163561344,Mallorquin
1991-07-31,33.88343748450279,Mallorquin
1991-08-31,56.38571393489838,Mallorquin
1991-09-30,115.98520106077194,Mallorquin
1991-10-31,95.11432266235352,Mallorquin
1991-11-30,24.830302119255066,Mallorquin
1991-12-31,4.5747387409210205,Mallorquin
1992-01-31,1.8736211061477661,Mallorquin
1992-02-29,0.0,Mallorquin
1992-03-31,0.0,Mallorquin
1992-04-30,17.86403851211071,Mallorquin
1992-05-31,121.90547287464142,Mallorquin
1992-06-30,71.4830352962017,Mallorquin
1992-07-31,83.14755395054817,Mallorquin
1992-08-31,87.06564974784851,Mallorquin
1992-09-30,100.80129063129425,Mallorquin
1992-10-31,105.01919460296631,Mallorquin
1992-11-30,67.06754386425018,Mallorquin
1992-12-31,10.28378313779831,Mallorquin
1993-01-31,7.37805499881506,Mallorquin
1993-02-28,0.6778164505958557,Mallorquin
1993-03-31,7.592612460255623,Mallorquin
1993-04-30,37.171517729759216,Mallorquin
1993-05-31,209.2483480721712,Mallorquin
1993-06-30,69.57419830560684,Mallorquin
1993-07-31,66.05083349347115,Mallorquin
1993-08-31,58.06865528970957,Mallorquin
1993-09-30,158.06238360516727,Mallorquin
1993-10-31,70.7384503185749,Mallorquin
1993-11-30,97.02537670731544,Mallorquin
1993-12-31,5.4804603308439255,Mallorquin
1994-01-31,3.5567777156829834,Mallorquin
1994-02-28,2.134187012910843,Mallorquin
1994-03-31,6.35017466545105,Mallorquin
1994-04-30,11.272460490465164,Mallorquin
1994-05-31,96.75167262554169,Mallorquin
1994-06-30,38.564351201057434,Mallorquin
1994-07-31,41.389379262924194,Mallorquin
1994-08-31,80.08472013473511,Mallorquin
1994-09-30,70.49118438363075,Mallorquin
1994-10-31,79.61541795730591,Mallorquin
1994-11-30,124.41430115699768,Mallorquin
1994-12-31,4.7289838790893555,Mallorquin
1995-01-31,0.8066151142120361,Mallorquin
1995-02-28,0.0,Mallorquin
1995-03-31,3.9642655849456787,Mallorquin
1995-04-30,35.84311830997467,Mallorquin
1995-05-31,95.05129021406174,Mallorquin
1995-06-30,117.98872447013855,Mallorquin
1995-07-31,190.8663351237774,Mallorquin
1995-08-31,256.1099528670311,Mallorquin
1995-09-30,140.95854127407074,Mallorquin
1995-10-31,160.94718605279922,Mallorquin
1995-11-30,59.252207070589066,Mallorquin
1995-12-31,16.66113355755806,Mallorquin
1996-01-31,3.6915700435638428,Mallorquin
1996-02-29,2.678423374891281,Mallorquin
1996-03-31,4.8278763592243195,Mallorquin
1996-04-30,18.523559868335724,Mallorquin
1996-05-31,132.53039449453354,Mallorquin
1996-06-30,93.89035432040691,Mallorquin
1996-07-31,94.19833824038506,Mallorquin
1996-08-31,88.37363469600677,Mallorquin
1996-09-30,126.35626113414764,Mallorquin
1996-10-31,154.1760200560093,Mallorquin
1996-11-30,124.37586259841919,Mallorquin
1996-12-31,8.174967050552368,Mallorquin
1997-01-31,1.623785376548767,Mallorquin
1997-02-28,3.01247775554657,Mallorquin
1997-03-31,0.0,Mallorquin
1997-04-30,26.998158261179924,Mallorquin
1997-05-31,28.973291791975498,Mallorquin
1997-06-30,131.218606621027,Mallorquin
1997-07-31,18.908327907323837,Mallorquin
1997-08-31,32.11172713339329,Mallorquin
1997-09-30,85.54147547483444,Mallorquin
1997-10-31,123.16605046391487,Mallorquin
1997-11-30,110.89127492904663,Mallorquin
1997-12-31,3.3667415976524353,Mallorquin
1998-01-31,0.35023945569992065,Mallorquin
1998-02-28,2.4498159885406494,Mallorquin
1998-03-31,4.71499490737915,Mallorquin
1998-04-30,16.592455446720123,Mallorquin
1998-05-31,174.28262941539288,Mallorquin
1998-06-30,102.57212844491005,Mallorquin
1998-07-31,78.83213657140732,Mallorquin
1998-08-31,88.69069030880928,Mallorquin
1998-09-30,200.30205076932907,Mallorquin
1998-10-31,192.0506261587143,Mallorquin
1998-11-30,116.04908150434494,Mallorquin
1998-12-31,78.37529814243317,Mallorquin
1999-01-31,1.5547753274440765,Mallorquin
1999-02-28,4.005141258239746,Mallorquin
1999-03-31,15.017434179782867,Mallorquin
1999-04-30,36.237726122140884,Mallorquin
1999-05-31,70.279481112957,Mallorquin
1999-06-30,144.4656836539507,Mallorquin
1999-07-31,68.77299165725708,Mallorquin
1999-08-31,140.29836475849152,Mallorquin
1999-09-30,206.74697342514992,Mallorquin
1999-10-31,238.80645629763603,Mallorquin
1999-11-30,243.18021726608276,Mallorquin
1999-12-31,59.072710275650024,Mallorquin
2000-01-31,1.919244110584259,Mallorquin
2000-02-29,2.3862920217216015,Mallorquin
2000-03-31,7.061174690723419,Mallorquin
2000-04-30,24.907552614808083,Mallorquin
2000-05-31,74.13636046648026,Mallorquin
2000-06-30,70.90828105807304,Mallorquin
2000-07-31,84.84797459840775,Mallorquin
2000-08-31,56.4640516936779,Mallorquin
2000-09-30,163.67889547348022,Mallorquin
2000-10-31,173.301340341568,Mallorquin
2000-11-30,62.75934607535601,Mallorquin
2000-12-31,55.90081050992012,Mallorquin
2001-01-31,3.609244078397751,Mallorquin
2001-02-28,2.243002414703369,Mallorquin
2001-03-31,5.421262353658676,Mallorquin
2001-04-30,9.42027086019516,Mallorquin
2001-05-31,85.64130675792694,Mallorquin
2001-06-30,37.65203347802162,Mallorquin
2001-07-31,61.34649136662483,Mallorquin
2001-08-31,84.11730325222015,Mallorquin
2001-09-30,132.51995706558228,Mallorquin
2001-10-31,147.4371703863144,Mallorquin
2001-11-30,99.83286714553833,Mallorquin
2001-12-31,63.76476275920868,Mallorquin
2002-01-31,0.0,Mallorquin
2002-02-28,0.0,Mallorquin
2002-03-31,4.690340101718903,Mallorquin
2002-04-30,13.89442777633667,Mallorquin
2002-05-31,64.68414729833603,Mallorquin
2002-06-30,61.43377120792866,Mallorquin
2002-07-31,80.09936130046844,Mallorquin
2002-08-31,66.26466758549213,Mallorquin
2002-09-30,152.1033761948347,Mallorquin
2002-10-31,128.95093378424644,Mallorquin
2002-11-30,32.66494342684746,Mallorquin
2002-12-31,10.292640268802643,Mallorquin
2003-01-31,0.0,Mallorquin
2003-02-28,0.0,Mallorquin
2003-03-31,4.725838005542755,Mallorquin
2003-04-30,51.935800805687904,Mallorquin
2003-05-31,62.86655059456825,Mallorquin
2003-06-30,167.83474123477936,Mallorquin
2003-07-31,79.51520562171936,Mallorquin
2003-08-31,81.39745791256428,Mallorquin
2003-09-30,143.9938542842865,Mallorquin
2003-10-31,175.73572498559952,Mallorquin
2003-11-30,144.41104167699814,Mallorquin
2003-12-31,121.03389056026936,Mallorquin
2004-01-31,1.0052364468574524,Mallorquin
2004-02-29,0.0,Mallorquin
2004-03-31,0.0,Mallorquin
2004-04-30,32.85650700330734,Mallorquin
2004-05-31,125.59631399810314,Mallorquin
2004-06-30,42.66812810301781,Mallorquin
2004-07-31,124.35819733142853,Mallorquin
2004-08-31,94.08151063323021,Mallorquin
2004-09-30,132.63076436519623,Mallorquin
2004-10-31,131.0795520246029,Mallorquin
2004-11-30,101.55629056692123,Mallorquin
2004-12-31,7.163655757904053,Mallorquin
2005-01-31,4.090888023376465,Mallorquin
2005-02-28,1.7530592679977417,Mallorquin
2005-03-31,4.349389314651489,Mallorquin
2005-04-30,25.95545095205307,Mallorquin
2005-05-31,102.11564910411835,Mallorquin
2005-06-30,158.05043351650238,Mallorquin
2005-07-31,98.56871462613344,Mallorquin
2005-08-31,119.71298226714134,Mallorquin
2005-09-30,111.41577833890915,Mallorquin
2005-10-31,191.19843953847885,Mallorquin
2005-11-30,186.67954197525978,Mallorquin
2005-12-31,5.353388011455536,Mallorquin
2006-01-31,9.113268822431564,Mallorquin
2006-02-28,3.2712233662605286,Mallorquin
2006-03-31,8.734271958470345,Mallorquin
2006-04-30,34.291276663541794,Mallorquin
2006-05-31,116.3867184817791,Mallorquin
2006-06-30,133.78096342086792,Mallorquin
2006-07-31,73.07424768805504,Mallorquin
2006-08-31,73.68403682112694,Mallorquin
2006-09-30,105.90981936454773,Mallorquin
2006-10-31,172.7390992641449,Mallorquin
2006-11-30,142.57318478822708,Mallorquin
2006-12-31,14.131883263587952,Mallorquin
2007-01-31,0.0,Mallorquin
2007-02-28,0.0,Mallorquin
2007-03-31,5.559910178184509,Mallorquin
2007-04-30,73.57051345705986,Mallorquin
2007-05-31,152.7217594087124,Mallorquin
2007-06-30,78.99521513283253,Mallorquin
2007-07-31,92.42214171588421,Mallorquin
2007-08-31,219.82040512561798,Mallorquin
2007-09-30,119.09668780863285,Mallorquin
2007-10-31,261.45653036236763,Mallorquin
2007-11-30,61.1064527630806,Mallorquin
2007-12-31,16.96351170539856,Mallorquin
2008-01-31,0.0,Mallorquin
2008-02-29,0.0,Mallorquin
2008-03-31,10.949093133211136,Mallorquin
2008-04-30,21.123407281935215,Mallorquin
2008-05-31,105.00994393229485,Mallorquin
2008-06-30,96.8212925195694,Mallorquin
2008-07-31,67.59488862752914,Mallorquin
2008-08-31,168.07392290234566,Mallorquin
2008-09-30,178.31050419807434,Mallorquin
2008-10-31,204.85949844121933,Mallorquin
2008-11-30,231.16846185922623,Mallorquin
2008-12-31,10.678324595093727,Mallorquin
2009-01-31,5.232774555683136,Mallorquin
2009-02-28,2.403599262237549,Mallorquin
2009-03-31,3.981924891471863,Mallorquin
2009-04-30,9.36963202059269,Mallorquin
2009-05-31,83.49833446741104,Mallorquin
2009-06-30,117.81560391187668,Mallorquin
2009-07-31,28.20962581038475,Mallorquin
2009-08-31,78.3473824262619,Mallorquin
2009-09-30,54.808336049318314,Mallorquin
2009-10-31,139.8618800342083,Mallorquin
2009-11-30,72.32976579666138,Mallorquin
2009-12-31,12.519997596740723,Mallorquin
2010-01-31,2.9387162029743195,Mallorquin
2010-02-28,0.0,Mallorquin
2010-03-31,13.803400322794914,Mallorquin
2010-04-30,39.6253664791584,Mallorquin
2010-05-31,139.3637586683035,Mallorquin
2010-06-30,206.20367109775543,Mallorquin
2010-07-31,244.54537677764893,Mallorquin
2010-08-31,206.45322954654694,Mallorquin
2010-09-30,195.34609034657478,Mallorquin
2010-10-31,303.18343728780746,Mallorquin
2010-11-30,264.4735818505287,Mallorquin
2010-12-31,102.69084620475769,Mallorquin
2011-01-31,3.931930184364319,Mallorquin
2011-02-28,2.6983180046081543,Mallorquin
2011-03-31,9.8629569709301,Mallorquin
2011-04-30,32.94793638586998,Mallorquin
2011-05-31,150.03165686130524,Mallorquin
2011-06-30,186.66152518987656,Mallorquin
2011-07-31,206.1090826317668,Mallorquin
2011-08-31,145.4450535774231,Mallorquin
2011-09-30,188.4703317284584,Mallorquin
2011-10-31,326.6246187090874,Mallorquin
2011-11-30,275.02513551712036,Mallorquin
2011-12-31,36.47839896380901,Mallorquin
2012-01-31,2.2294816970825195,Mallorquin
2012-02-29,0.530762255191803,Mallorquin
2012-03-31,5.887258544564247,Mallorquin
2012-04-30,39.20704014599323,Mallorquin
2012-05-31,107.3420352935791,Mallorquin
2012-06-30,69.04314714670181,Mallorquin
2012-07-31,23.53147703409195,Mallorquin
2012-08-31,115.6042965054512,Mallorquin
2012-09-30,94.46706986427307,Mallorquin
2012-10-31,170.93849293142557,Mallorquin
2012-11-30,84.52663266658783,Mallorquin
2012-12-31,8.922931164503098,Mallorquin
2013-01-31,0.0,Mallorquin
2013-02-28,0.0,Mallorquin
2013-03-31,7.7488923370838165,Mallorquin
2013-04-30,13.887464255094528,Mallorquin
2013-05-31,133.27850484848022,Mallorquin
2013-06-30,87.17382934689522,Mallorquin
2013-07-31,61.0596441924572,Mallorquin
2013-08-31,139.128540456295,Mallorquin
2013-09-30,229.68160718679428,Mallorquin
2013-10-31,173.9902350306511,Mallorquin
2013-11-30,65.57887840270996,Mallorquin
2013-12-31,11.278239965438843,Mallorquin
2014-01-31,4.122925281524658,Mallorquin
2014-02-28,0.0,Mallorquin
2014-03-31,1.4531531631946564,Mallorquin
2014-04-30,11.9320153221488,Mallorquin
2014-05-31,37.651572704315186,Mallorquin
2014-06-30,41.20622760057449,Mallorquin
2014-07-31,33.018728509545326,Mallorquin
2014-08-31,68.10765415430069,Mallorquin
2014-09-30,123.65405663847923,Mallorquin
2014-10-31,162.93265962600708,Mallorquin
2014-11-30,70.89068555831909,Mallorquin
2014-12-31,36.86375445127487,Mallorquin
2015-01-31,0.0,Mallorquin
2015-02-28,0.0,Mallorquin
2015-03-31,4.633927524089813,Mallorquin
2015-04-30,6.593130972236395,Mallorquin
2015-05-31,24.490737557411194,Mallorquin
2015-06-30,26.651384249329567,Mallorquin
2015-07-31,22.499680519104004,Mallorquin
2015-08-31,38.69884550571442,Mallorquin
2015-09-30,46.94506502896547,Mallorquin
2015-10-31,67.01249408721924,Mallorquin
2015-11-30,107.62473917007446,Mallorquin
2015-12-31,5.229215443134308,Mallorquin
2016-01-31,0.0,Mallorquin
2016-02-29,0.0,Mallorquin
2016-03-31,0.0,Mallorquin
2016-04-30,16.997803278267384,Mallorquin
2016-05-31,110.47499364614487,Mallorquin
2016-06-30,88.01629948616028,Mallorquin
2016-07-31,53.817288905382156,Mallorquin
2016-08-31,66.34980658441782,Mallorquin
2016-09-30,129.60883715748787,Mallorquin
2016-10-31,258.1153886914253,Mallorquin
2016-11-30,202.45372080802917,Mallorquin
2016-12-31,26.475049190223217,Mallorquin
2017-01-31,4.461528234183788,Mallorquin
2017-02-28,0.0,Mallorquin
2017-03-31,13.872003436088562,Mallorquin
2017-04-30,22.2544726729393,Mallorquin
2017-05-31,186.14806133508682,Mallorquin
2017-06-30,146.98634772747755,Mallorquin
2017-07-31,140.47365126013756,Mallorquin
2017-08-31,132.71090838313103,Mallorquin
2017-09-30,173.9229299724102,Mallorquin
2017-10-31,82.64996376633644,Mallorquin
2017-11-30,147.2691342830658,Mallorquin
2017-12-31,14.490892708301544,Mallorquin
2018-01-31,13.371731862425804,Mallorquin
2018-02-28,0.0,Mallorquin
2018-03-31,1.169230341911316,Mallorquin
2018-04-30,51.106989443302155,Mallorquin
2018-05-31,147.1851698309183,Mallorquin
2018-06-30,68.67036807537079,Mallorquin
2018-07-31,49.92812222242355,Mallorquin
2018-08-31,51.67673417925835,Mallorquin
2018-09-30,106.4323713183403,Mallorquin
2018-10-31,165.16489961743355,Mallorquin
2018-11-30,40.40148335695267,Mallorquin
2018-12-31,2.8390827775001526,Mallorquin
2019-01-31,0.0,Mallorquin
2019-02-28,0.0,Mallorquin
2019-03-31,0.265150249004364,Mallorquin
2019-04-30,13.59604586660862,Mallorquin
2019-05-31,118.59621497988701,Mallorquin
2019-06-30,68.71080105006695,Mallorquin
2019-07-31,37.480328515172005,Mallorquin
2019-08-31,63.12616083025932,Mallorquin
2019-09-30,141.209701359272,Mallorquin
2019-10-31,161.8235399723053,Mallorquin
2019-11-30,59.349331095814705,Mallorquin
2019-12-31,12.168670505285263,Mallorquin
2020-01-31,0.0,Mallorquin
2020-02-29,0.0,Mallorquin
2020-03-31,0.0,Mallorquin
2020-04-30,10.942751824855804,Mallorquin
2020-05-31,112.71270102262497,Mallorquin
2020-06-30,107.13212971389294,Mallorquin
2020-07-31,138.3389209426241,Mallorquin
2020-08-31,162.49517273902893,Mallorquin
2020-09-30,172.9968364238739,Mallorquin
2020-10-31,178.8507306277752,Mallorquin
2020-11-30,253.61750721931458,Mallorquin
2020-12-31,18.811657428741455,Mallorquin
2021-01-31,4.7380969524383545,Mallorquin
2021-02-28,1.6076622009277344,Mallorquin
2021-03-31,7.307060077786446,Mallorquin
2021-04-30,40.72236968576908,Mallorquin
2021-05-31,66.73952254652977,Mallorquin
2021-06-30,83.23645047843456,Mallorquin
2021-07-31,57.54921185225248,Mallorquin
2021-08-31,106.91410636901855,Mallorquin
2021-09-30,73.18638336658478,Mallorquin
2021-10-31,271.4495042562485,Mallorquin
2021-11-30,104.15420246124268,Mallorquin
2021-12-31,14.39125108718872,Mallorquin
2022-01-31,0.15950754284858704,Mallorquin
2022-02-28,0.0012896960834041238,Mallorquin
2022-03-31,8.56093442440033,Mallorquin
2022-04-30,64.94569499790668,Mallorquin
2022-05-31,119.92975378036499,Mallorquin
2022-06-30,284.2617135643959,Mallorquin
2022-07-31,78.39779563248158,Mallorquin
2022-08-31,156.43681244552135,Mallorquin
2022-09-30,234.60042423009872,Mallorquin
2022-10-31,168.39364767074585,Mallorquin
2022-11-30,242.91593211889267,Mallorquin
2022-12-31,1.9124968647956848,Mallorquin
2023-01-31,0.0,Mallorquin
2023-02-28,0.0,Mallorquin
2023-03-31,8.968904852867126,Mallorquin
2023-04-30,53.5755999982357,Mallorquin
2023-05-31,133.1037244796753,Mallorquin
2023-06-30,158.83856332302094,Mallorquin
2023-07-31,112.52551546692848,Mallorquin
2023-08-31,83.84429800510406,Mallorquin
2023-09-30,63.11645606160164,Mallorquin
2023-10-31,213.0436556339264,Mallorquin
2023-11-30,97.09387367963791,Mallorquin
2023-12-31,11.404999732971191,Mallorquin
2024-01-31,0.0,Mallorquin
2024-02-29,0.11980704963207245,Mallorquin
2024-03-31,1.327150821685791,Mallorquin
2024-04-30,28.765036396682262,Mallorquin
2024-05-31,149.4362180531025,Mallorquin
2024-06-30,219.82722887396812,Mallorquin
2024-07-31,125.61810851097107,Mallorquin
2024-08-31,131.62458509206772,Mallorquin
2024-09-30,170.33609268069267,Mallorquin
2024-10-31,302.7110070735216,Mallorquin
2024-11-30,270.12284755706787,Mallorquin
2024-12-31,26.507326439023018,Mallorquin
2025-01-31,7.242577418684959,Mallorquin
2025-02-28,1.989579252898693,Mallorquin
2025-03-31,4.364704489707947,Mallorquin
2025-04-30,34.560229144990444,Mallorquin
2025-05-31,144.44156424701214,Mallorquin
2025-06-30,118.57157826423645,Mallorquin
2025-07-31,40.16882883012295,Mallorquin
2025-08-31,82.61177353560925,Mallorquin
2025-09-30,130.10253116488457,Mallorquin
2025-10-31,127.77960201818496,Mallorquin
2025-11-30,76.12509521842003,Mallorquin
2025-12-31,22.634758934378624,Mallorquin
2026-01-31,21.45053055882454,Mallorquin
2026-02-28,19.59305728180334,Mallorquin
2026-03-31,5.270557686686516,Mallorquin
2026-04-30,20.551137447357178,Mallorquin
2026-05-31,21.809371456503868,Mallorquin
1981-01-31,3.659477504901588,Rio Magdalena
1981-02-28,6.951998025178909,Rio Magdalena
1981-03-31,29.841138243675232,Rio Magdalena
1981-04-30,101.75860661268234,Rio Magdalena
1981-05-31,222.52745896577835,Rio Magdalena
1981-06-30,121.52195563912392,Rio Magdalena
1981-07-31,86.87378375977278,Rio Magdalena
1981-08-31,194.15244591236115,Rio Magdalena
1981-09-30,150.24152609705925,Rio Magdalena
1981-10-31,179.2662936449051,Rio Magdalena
1981-11-30,132.5431196540594,Rio Magdalena
1981-12-31,71.82469043135643,Rio Magdalena
1982-01-31,18.626963913440704,Rio Magdalena
1982-02-28,14.760928925126791,Rio Magdalena
1982-03-31,5.9957937598228455,Rio Magdalena
1982-04-30,85.7136265039444,Rio Magdalena
1982-05-31,150.5377073287964,Rio Magdalena
1982-06-30,126.01327642798424,Rio Magdalena
1982-07-31,71.77561861276627,Rio Magdalena
1982-08-31,71.52959233522415,Rio Magdalena
1982-09-30,164.56292203068733,Rio Magdalena
1982-10-31,140.03509518876672,Rio Magdalena
1982-11-30,51.36869716644287,Rio Magdalena
1982-12-31,9.564000979065895,Rio Magdalena
1983-01-31,1.8147330284118652,Rio Magdalena
1983-02-28,4.426417410373688,Rio Magdalena
1983-03-31,9.659813582897186,Rio Magdalena
1983-04-30,67.75388675928116,Rio Magdalena
1983-05-31,87.28710778057575,Rio Magdalena
1983-06-30,134.04074251651764,Rio Magdalena
1983-07-31,93.55205006152391,Rio Magdalena
1983-08-31,79.45966729521751,Rio Magdalena
1983-09-30,138.49664679914713,Rio Magdalena
1983-10-31,170.29447361826897,Rio Magdalena
1983-11-30,48.47106112539768,Rio Magdalena
1983-12-31,40.46732601523399,Rio Magdalena
1984-01-31,4.129536405205727,Rio Magdalena
1984-02-29,13.287262700498104,Rio Magdalena
1984-03-31,14.435344815254211,Rio Magdalena
1984-04-30,44.27264368534088,Rio Magdalena
1984-05-31,118.88459224998951,Rio Magdalena
1984-06-30,109.70541641116142,Rio Magdalena
1984-07-31,190.12240570783615,Rio Magdalena
1984-08-31,171.26065588742495,Rio Magdalena
1984-09-30,194.66275089979172,Rio Magdalena
1984-10-31,181.2862130701542,Rio Magdalena
1984-11-30,122.42514684796333,Rio Magdalena
1984-12-31,8.2227095477283,Rio Magdalena
1985-01-31,2.07288920879364,Rio Magdalena
1985-02-28,1.1440120339393616,Rio Magdalena
1985-03-31,0.4664756953716278,Rio Magdalena
1985-04-30,18.897201254963875,Rio Magdalena
1985-05-31,106.3539756834507,Rio Magdalena
1985-06-30,85.6384459361434,Rio Magdalena
1985-07-31,125.98072525858879,Rio Magdalena
1985-08-31,143.7995586693287,Rio Magdalena
1985-09-30,146.53344428539276,Rio Magdalena
1985-10-31,168.80825927853584,Rio Magdalena
1985-11-30,66.47112834453583,Rio Magdalena
1985-12-31,62.33274531364441,Rio Magdalena
1986-01-31,1.7609853148460388,Rio Magdalena
1986-02-28,11.171931266784668,Rio Magdalena
1986-03-31,10.901365995407104,Rio Magdalena
1986-04-30,125.19258835911751,Rio Magdalena
1986-05-31,128.3472051024437,Rio Magdalena
1986-06-30,75.33842063695192,Rio Magdalena
1986-07-31,29.823489770293236,Rio Magdalena
1986-08-31,143.76663675904274,Rio Magdalena
1986-09-30,98.46010150015354,Rio Magdalena
1986-10-31,215.00371155142784,Rio Magdalena
1986-11-30,39.233893513679504,Rio Magdalena
1986-12-31,30.437578573822975,Rio Magdalena
1987-01-31,3.7368936240673065,Rio Magdalena
1987-02-28,5.098010018467903,Rio Magdalena
1987-03-31,13.9372673407197,Rio Magdalena
1987-04-30,112.52796410769224,Rio Magdalena
1987-05-31,148.4595790700987,Rio Magdalena
1987-06-30,111.66199851036072,Rio Magdalena
1987-07-31,108.5922169983387,Rio Magdalena
1987-08-31,119.53639589995146,Rio Magdalena
1987-09-30,171.22454768419266,Rio Magdalena
1987-10-31,197.68480072915554,Rio Magdalena
1987-11-30,87.49501222372055,Rio Magdalena
1987-12-31,42.29822804778814,Rio Magdalena
1988-01-31,4.1611528396606445,Rio Magdalena
1988-02-29,3.56480647996068,Rio Magdalena
1988-03-31,7.026074528694153,Rio Magdalena
1988-04-30,27.89055479504168,Rio Magdalena
1988-05-31,139.67821753025055,Rio Magdalena
1988-06-30,193.398171544075,Rio Magdalena
1988-07-31,143.76237432658672,Rio Magdalena
1988-08-31,286.7959249764681,Rio Magdalena
1988-09-30,150.63636192679405,Rio Magdalena
1988-10-31,217.26491150259972,Rio Magdalena
1988-11-30,122.99057587981224,Rio Magdalena
1988-12-31,25.739959478378296,Rio Magdalena
1989-01-31,5.3056184239685535,Rio Magdalena
1989-02-28,8.152995146811008,Rio Magdalena
1989-03-31,13.605827316641808,Rio Magdalena
1989-04-30,16.867084085941315,Rio Magdalena
1989-05-31,104.34031097590923,Rio Magdalena
1989-06-30,82.28541427804157,Rio Magdalena
1989-07-31,120.48194740712643,Rio Magdalena
1989-08-31,154.35086829960346,Rio Magdalena
1989-09-30,224.7971606552601,Rio Magdalena
1989-10-31,101.23672288656235,Rio Magdalena
1989-11-30,140.82010078430176,Rio Magdalena
1989-12-31,53.68473896384239,Rio Magdalena
1990-01-31,6.490245342254639,Rio Magdalena
1990-02-28,6.743658125400543,Rio Magdalena
1990-03-31,9.489017203450203,Rio Magdalena
1990-04-30,59.916105672717094,Rio Magdalena
1990-05-31,97.3760032095015,Rio Magdalena
1990-06-30,89.8629057072103,Rio Magdalena
1990-07-31,111.55943420529366,Rio Magdalena
1990-08-31,151.0732632279396,Rio Magdalena
1990-09-30,165.90686058998108,Rio Magdalena
1990-10-31,200.69180899858475,Rio Magdalena
1990-11-30,160.36979508399963,Rio Magdalena
1990-12-31,68.04470312595367,Rio Magdalena
1991-01-31,0.8456246256828308,Rio Magdalena
1991-02-28,1.7944189757108688,Rio Magdalena
1991-03-31,13.869143512099981,Rio Magdalena
1991-04-30,54.38674648106098,Rio Magdalena
1991-05-31,127.75145456194878,Rio Magdalena
1991-06-30,105.37869656831026,Rio Magdalena
1991-07-31,63.67469596862793,Rio Magdalena
1991-08-31,82.29540157318115,Rio Magdalena
1991-09-30,150.25849723815918,Rio Magdalena
1991-10-31,92.03485876321793,Rio Magdalena
1991-11-30,55.982581704854965,Rio Magdalena
1991-12-31,8.07196307182312,Rio Magdalena
1992-01-31,5.171865284442902,Rio Magdalena
1992-02-29,2.3987770080566406,Rio Magdalena
1992-03-31,2.8020008727908134,Rio Magdalena
1992-04-30,58.20088138431311,Rio Magdalena
1992-05-31,176.206822514534,Rio Magdalena
1992-06-30,107.67906337976456,Rio Magdalena
1992-07-31,136.53083449602127,Rio Magdalena
1992-08-31,128.79483938217163,Rio Magdalena
1992-09-30,143.82353493571281,Rio Magdalena
1992-10-31,126.91341210901737,Rio Magdalena
1992-11-30,86.60716912150383,Rio Magdalena
1992-12-31,20.67779704928398,Rio Magdalena
1993-01-31,14.112733598798513,Rio Magdalena
1993-02-28,5.362781539559364,Rio Magdalena
1993-03-31,27.460910700261593,Rio Magdalena
1993-04-30,83.82184827327728,Rio Magdalena
1993-05-31,223.12871181964874,Rio Magdalena
1993-06-30,90.64385562762618,Rio Magdalena
1993-07-31,77.39314709231257,Rio Magdalena
1993-08-31,109.10707566980273,Rio Magdalena
1993-09-30,219.2668986916542,Rio Magdalena
1993-10-31,92.90593183785677,Rio Magdalena
1993-11-30,102.62987750768661,Rio Magdalena
1993-12-31,20.29340025782585,Rio Magdalena
1994-01-31,4.917776584625244,Rio Magdalena
1994-02-28,7.308850783854723,Rio Magdalena
1994-03-31,28.74276065826416,Rio Magdalena
1994-04-30,50.39468538016081,Rio Magdalena
1994-05-31,121.90374338626862,Rio Magdalena
1994-06-30,74.66139294207096,Rio Magdalena
1994-07-31,58.38027311861515,Rio Magdalena
1994-08-31,146.20689368247986,Rio Magdalena
1994-09-30,131.09405167400837,Rio Magdalena
1994-10-31,92.49423658847809,Rio Magdalena
1994-11-30,158.8787328004837,Rio Magdalena
1994-12-31,10.248004369437695,Rio Magdalena
1995-01-31,3.0728156231343746,Rio Magdalena
1995-02-28,1.1101224422454834,Rio Magdalena
1995-03-31,8.598982363939285,Rio Magdalena
1995-04-30,104.3032938092947,Rio Magdalena
1995-05-31,115.68771719932556,Rio Magdalena
1995-06-30,152.19973354041576,Rio Magdalena
1995-07-31,237.6210359930992,Rio Magdalena
1995-08-31,263.29783099889755,Rio Magdalena
1995-09-30,138.3286041021347,Rio Magdalena
1995-10-31,158.2208358347416,Rio Magdalena
1995-11-30,78.79838043451309,Rio Magdalena
1995-12-31,33.19786448404193,Rio Magdalena
1996-01-31,11.148979231715202,Rio Magdalena
1996-02-29,8.40667786821723,Rio Magdalena
1996-03-31,12.840044885873795,Rio Magdalena
1996-04-30,60.540185272693634,Rio Magdalena
1996-05-31,187.92595886439085,Rio Magdalena
1996-06-30,149.12117856740952,Rio Magdalena
1996-07-31,133.29769165068865,Rio Magdalena
1996-08-31,161.3817536123097,Rio Magdalena
1996-09-30,151.729584723711,Rio Magdalena
1996-10-31,164.1152299642563,Rio Magdalena
1996-11-30,126.78035475313663,Rio Magdalena
1996-12-31,18.493207812309265,Rio Magdalena
1997-01-31,4.320628393441439,Rio Magdalena
1997-02-28,10.478040516376495,Rio Magdalena
1997-03-31,1.4916602820158005,Rio Magdalena
1997-04-30,60.16242164373398,Rio Magdalena
1997-05-31,84.02880273759365,Rio Magdalena
1997-06-30,155.50855168700218,Rio Magdalena
1997-07-31,38.25887890718877,Rio Magdalena
1997-08-31,84.20825876295567,Rio Magdalena
1997-09-30,119.50226160883904,Rio Magdalena
1997-10-31,125.62354701757431,Rio Magdalena
1997-11-30,140.86478212475777,Rio Magdalena
1997-12-31,6.444418519735336,Rio Magdalena
1998-01-31,0.6444818750023842,Rio Magdalena
1998-02-28,3.3405574038624763,Rio Magdalena
1998-03-31,23.310975328087807,Rio Magdalena
1998-04-30,56.91758165881038,Rio Magdalena
1998-05-31,214.70819691568613,Rio Magdalena
1998-06-30,99.24851673841476,Rio Magdalena
1998-07-31,124.67344224452972,Rio Magdalena
1998-08-31,147.5197693258524,Rio Magdalena
1998-09-30,184.56974159181118,Rio Magdalena
1998-10-31,171.14090579748154,Rio Magdalena
1998-11-30,124.10934707522392,Rio Magdalena
1998-12-31,97.11592900753021,Rio Magdalena
1999-01-31,1.8692363426089287,Rio Magdalena
1999-02-28,14.08330923318863,Rio Magdalena
1999-03-31,38.96782669425011,Rio Magdalena
1999-04-30,101.40389462560415,Rio Magdalena
1999-05-31,110.80552922189236,Rio Magdalena
1999-06-30,152.7093380689621,Rio Magdalena
1999-07-31,102.1917971894145,Rio Magdalena
1999-08-31,229.16481689363718,Rio Magdalena
1999-09-30,220.53193819522858,Rio Magdalena
1999-10-31,196.79315587878227,Rio Magdalena
1999-11-30,195.82206436991692,Rio Magdalena
1999-12-31,78.59159034490585,Rio Magdalena
2000-01-31,5.624400973320007,Rio Magdalena
2000-02-29,8.182743687182665,Rio Magdalena
2000-03-31,16.372594863176346,Rio Magdalena
2000-04-30,72.97464905679226,Rio Magdalena
2000-05-31,137.13299798220396,Rio Magdalena
2000-06-30,96.92789733037353,Rio Magdalena
2000-07-31,140.7537950128317,Rio Magdalena
2000-08-31,121.47721987962723,Rio Magdalena
2000-09-30,153.21806245297194,Rio Magdalena
2000-10-31,152.87124378234148,Rio Magdalena
2000-11-30,83.43810200691223,Rio Magdalena
2000-12-31,46.74295996129513,Rio Magdalena
2001-01-31,4.540895119309425,Rio Magdalena
2001-02-28,2.1429752483963966,Rio Magdalena
2001-03-31,21.037038914859295,Rio Magdalena
2001-04-30,50.862205080688,Rio Magdalena
2001-05-31,121.25352372229099,Rio Magdalena
2001-06-30,63.957160875201225,Rio Magdalena
2001-07-31,118.57795341312885,Rio Magdalena
2001-08-31,108.68360479921103,Rio Magdalena
2001-09-30,154.77299243211746,Rio Magdalena
2001-10-31,148.9227603673935,Rio Magdalena
2001-11-30,103.95590996742249,Rio Magdalena
2001-12-31,90.37487947940826,Rio Magdalena
2002-01-31,0.31848135590553284,Rio Magdalena
2002-02-28,0.4617794156074524,Rio Magdalena
2002-03-31,16.924673587083817,Rio Magdalena
2002-04-30,67.25354063510895,Rio Magdalena
2002-05-31,106.08122646436095,Rio Magdalena
2002-06-30,95.99987434595823,Rio Magdalena
2002-07-31,99.62191653996706,Rio Magdalena
2002-08-31,100.60439857840538,Rio Magdalena
2002-09-30,194.58458918333054,Rio Magdalena
2002-10-31,135.47003503143787,Rio Magdalena
2002-11-30,52.42432929575443,Rio Magdalena
2002-12-31,27.57971414923668,Rio Magdalena
2003-01-31,0.0,Rio Magdalena
2003-02-28,4.540372025221586,Rio Magdalena
2003-03-31,20.60290414094925,Rio Magdalena
2003-04-30,142.15131114423275,Rio Magdalena
2003-05-31,103.02250587940216,Rio Magdalena
2003-06-30,159.54977476596832,Rio Magdalena
2003-07-31,145.02158902585506,Rio Magdalena
2003-08-31,137.34279063344002,Rio Magdalena
2003-09-30,156.9963946044445,Rio Magdalena
2003-10-31,198.77680958807468,Rio Magdalena
2003-11-30,147.665697991848,Rio Magdalena
2003-12-31,135.13864329457283,Rio Magdalena
2004-01-31,3.557273507118225,Rio Magdalena
2004-02-29,1.535371484234929,Rio Magdalena
2004-03-31,3.2243614019826055,Rio Magdalena
2004-04-30,72.43870331346989,Rio Magdalena
2004-05-31,160.67927812039852,Rio Magdalena
2004-06-30,88.11977691948414,Rio Magdalena
2004-07-31,170.68819470703602,Rio Magdalena
2004-08-31,140.31234419345856,Rio Magdalena
2004-09-30,164.4115490913391,Rio Magdalena
2004-10-31,127.57905276864767,Rio Magdalena
2004-11-30,137.24059391021729,Rio Magdalena
2004-12-31,13.650076627731323,Rio Magdalena
2005-01-31,6.699830710887909,Rio Magdalena
2005-02-28,3.8066842555999756,Rio Magdalena
2005-03-31,13.793898731470108,Rio Magdalena
2005-04-30,74.35711336135864,Rio Magdalena
2005-05-31,160.04512935876846,Rio Magdalena
2005-06-30,173.59353271126747,Rio Magdalena
2005-07-31,128.88746302574873,Rio Magdalena
2005-08-31,172.5120187997818,Rio Magdalena
2005-09-30,145.26351603865623,Rio Magdalena
2005-10-31,176.71043008193374,Rio Magdalena
2005-11-30,151.54243862628937,Rio Magdalena
2005-12-31,13.31492829322815,Rio Magdalena
2006-01-31,17.917216181755066,Rio Magdalena
2006-02-28,8.415793307125568,Rio Magdalena
2006-03-31,22.137257240712643,Rio Magdalena
2006-04-30,105.60743879526854,Rio Magdalena
2006-05-31,201.4684238433838,Rio Magdalena
2006-06-30,129.03223782777786,Rio Magdalena
2006-07-31,104.46890447288752,Rio Magdalena
2006-08-31,121.79865692555904,Rio Magdalena
2006-09-30,129.94493226706982,Rio Magdalena
2006-10-31,174.35016000270844,Rio Magdalena
2006-11-30,142.68308743834496,Rio Magdalena
2006-12-31,27.8905331492424,Rio Magdalena
2007-01-31,0.0,Rio Magdalena
2007-02-28,1.854326955974102,Rio Magdalena
2007-03-31,29.571673303842545,Rio Magdalena
2007-04-30,160.05774952471256,Rio Magdalena
2007-05-31,188.64997187256813,Rio Magdalena
2007-06-30,101.78848781809211,Rio Magdalena
2007-07-31,139.09671279788017,Rio Magdalena
2007-08-31,236.20275574922562,Rio Magdalena
2007-09-30,153.7037092000246,Rio Magdalena
2007-10-31,220.75061984360218,Rio Magdalena
2007-11-30,101.48346140235662,Rio Magdalena
2007-12-31,32.02094028890133,Rio Magdalena
2008-01-31,2.7891184240579605,Rio Magdalena
2008-02-29,4.204312399029732,Rio Magdalena
2008-03-31,30.248059954494238,Rio Magdalena
2008-04-30,75.64355404675007,Rio Magdalena
2008-05-31,132.3113217651844,Rio Magdalena
2008-06-30,146.80498281121254,Rio Magdalena
2008-07-31,121.11801825463772,Rio Magdalena
2008-08-31,211.935114659369,Rio Magdalena
2008-09-30,234.65853056311607,Rio Magdalena
2008-10-31,175.26477301120758,Rio Magdalena
2008-11-30,209.1621317267418,Rio Magdalena
2008-12-31,15.381609916687012,Rio Magdalena
2009-01-31,8.016500156372786,Rio Magdalena
2009-02-28,5.886286810040474,Rio Magdalena
2009-03-31,16.357853814959526,Rio Magdalena
2009-04-30,46.30250982940197,Rio Magdalena
2009-05-31,153.91391597688198,Rio Magdalena
2009-06-30,107.07955273985863,Rio Magdalena
2009-07-31,61.55366888642311,Rio Magdalena
2009-08-31,159.9559621065855,Rio Magdalena
2009-09-30,113.09073080122471,Rio Magdalena
2009-10-31,142.49505051225424,Rio Magdalena
2009-11-30,90.13975535333157,Rio Magdalena
2009-12-31,22.636078119277954,Rio Magdalena
2010-01-31,2.672636926174164,Rio Magdalena
2010-02-28,4.02728883177042,Rio Magdalena
2010-03-31,50.31860247626901,Rio Magdalena
2010-04-30,99.81018213927746,Rio Magdalena
2010-05-31,140.23294983059168,Rio Magdalena
2010-06-30,201.88681231439114,Rio Magdalena
2010-07-31,243.88156861066818,Rio Magdalena
2010-08-31,212.54065111279488,Rio Magdalena
2010-09-30,190.11486130952835,Rio Magdalena
2010-10-31,230.83825805783272,Rio Magdalena
2010-11-30,261.9483838379383,Rio Magdalena
2010-12-31,109.78773765265942,Rio Magdalena
2011-01-31,5.608939630910754,Rio Magdalena
2011-02-28,8.874087989330292,Rio Magdalena
2011-03-31,39.1352845877409,Rio Magdalena
2011-04-30,65.83557512611151,Rio Magdalena
2011-05-31,154.78277248889208,Rio Magdalena
2011-06-30,158.77195332944393,Rio Magdalena
2011-07-31,214.36838245391846,Rio Magdalena
2011-08-31,173.10604244470596,Rio Magdalena
2011-09-30,162.4569200053811,Rio Magdalena
2011-10-31,305.6446680724621,Rio Magdalena
2011-11-30,238.3115877211094,Rio Magdalena
2011-12-31,63.41633176803589,Rio Magdalena
2012-01-31,1.0566300936043262,Rio Magdalena
2012-02-29,3.1303130611777306,Rio Magdalena
2012-03-31,16.81187978386879,Rio Magdalena
2012-04-30,97.46561323106289,Rio Magdalena
2012-05-31,140.65404015779495,Rio Magdalena
2012-06-30,79.5116149187088,Rio Magdalena
2012-07-31,66.14046883583069,Rio Magdalena
2012-08-31,192.19799259305,Rio Magdalena
2012-09-30,124.46101063489914,Rio Magdalena
2012-10-31,138.4802020639181,Rio Magdalena
2012-11-30,95.57776728831232,Rio Magdalena
2012-12-31,27.10621416568756,Rio Magdalena
2013-01-31,0.07664629071950912,Rio Magdalena
2013-02-28,2.4293515384197235,Rio Magdalena
2013-03-31,31.430295079946518,Rio Magdalena
2013-04-30,65.13780177384615,Rio Magdalena
2013-05-31,152.14782959222794,Rio Magdalena
2013-06-30,118.96062833070755,Rio Magdalena
2013-07-31,82.54726357758045,Rio Magdalena
2013-08-31,167.76439683884382,Rio Magdalena
2013-09-30,208.98873901367188,Rio Magdalena
2013-10-31,150.9597396850586,Rio Magdalena
2013-11-30,78.2078883126378,Rio Magdalena
2013-12-31,19.2981151714921,Rio Magdalena
2014-01-31,5.788277626037598,Rio Magdalena
2014-02-28,5.037852764129639,Rio Magdalena
2014-03-31,10.82060657069087,Rio Magdalena
2014-04-30,72.9981005191803,Rio Magdalena
2014-05-31,77.928451359272,Rio Magdalena
2014-06-30,82.04215706139803,Rio Magdalena
2014-07-31,52.02173225581646,Rio Magdalena
2014-08-31,117.49550914764404,Rio Magdalena
2014-09-30,185.88698131591082,Rio Magdalena
2014-10-31,156.33813601732254,Rio Magdalena
2014-11-30,106.0060555934906,Rio Magdalena
2014-12-31,58.30654826760292,Rio Magdalena
2015-01-31,3.309454470872879,Rio Magdalena
2015-02-28,3.5562768280506134,Rio Magdalena
2015-03-31,11.085902452468872,Rio Magdalena
2015-04-30,24.937082653632388,Rio Magdalena
2015-05-31,39.1139672845602,Rio Magdalena
2015-06-30,41.93726563639939,Rio Magdalena
2015-07-31,41.9167691282928,Rio Magdalena
2015-08-31,92.00599908828735,Rio Magdalena
2015-09-30,93.90723028033972,Rio Magdalena
2015-10-31,83.9039291869849,Rio Magdalena
2015-11-30,126.1650249697268,Rio Magdalena
2015-12-31,13.847013670951128,Rio Magdalena
2016-01-31,1.231809325516224,Rio Magdalena
2016-02-29,1.3207846656441689,Rio Magdalena
2016-03-31,2.680075265467167,Rio Magdalena
2016-04-30,50.062270775437355,Rio Magdalena
2016-05-31,134.84044128656387,Rio Magdalena
2016-06-30,100.240935921669,Rio Magdalena
2016-07-31,105.17928966879845,Rio Magdalena
2016-08-31,126.981882981956,Rio Magdalena
2016-09-30,149.70313673466444,Rio Magdalena
2016-10-31,283.83182764053345,Rio Magdalena
2016-11-30,205.89972028136253,Rio Magdalena
2016-12-31,40.482491225004196,Rio Magdalena
2017-01-31,5.453437566757202,Rio Magdalena
2017-02-28,7.158211708068848,Rio Magdalena
2017-03-31,34.517910316586494,Rio Magdalena
2017-04-30,71.61570359766483,Rio Magdalena
2017-05-31,245.2666765972972,Rio Magdalena
2017-06-30,130.9678270071745,Rio Magdalena
2017-07-31,164.44122726470232,Rio Magdalena
2017-08-31,148.50692948698997,Rio Magdalena
2017-09-30,182.72767731547356,Rio Magdalena
2017-10-31,102.31768780946732,Rio Magdalena
2017-11-30,141.28447334468365,Rio Magdalena
2017-12-31,25.424834936857224,Rio Magdalena
2018-01-31,28.55425038188696,Rio Magdalena
2018-02-28,2.871817570179701,Rio Magdalena
2018-03-31,7.020631525665522,Rio Magdalena
2018-04-30,111.0528676211834,Rio Magdalena
2018-05-31,165.96444642543793,Rio Magdalena
2018-06-30,95.7753573358059,Rio Magdalena
2018-07-31,80.97743866592646,Rio Magdalena
2018-08-31,115.40082320570946,Rio Magdalena
2018-09-30,156.12108932435513,Rio Magdalena
2018-10-31,163.88731171563268,Rio Magdalena
2018-11-30,71.48506034910679,Rio Magdalena
2018-12-31,5.543969765305519,Rio Magdalena
2019-01-31,2.505699373781681,Rio Magdalena
2019-02-28,3.1489914804697037,Rio Magdalena
2019-03-31,7.929161295294762,Rio Magdalena
2019-04-30,62.236772269010544,Rio Magdalena
2019-05-31,152.718520373106,Rio Magdalena
2019-06-30,82.26149117201567,Rio Magdalena
2019-07-31,81.17344715818763,Rio Magdalena
2019-08-31,131.9969812631607,Rio Magdalena
2019-09-30,175.075092792511,Rio Magdalena
2019-10-31,160.053373336792,Rio Magdalena
2019-11-30,96.32419621944427,Rio Magdalena
2019-12-31,19.680208513513207,Rio Magdalena
2020-01-31,0.965908907353878,Rio Magdalena
2020-02-29,0.7906658947467804,Rio Magdalena
2020-03-31,1.149199478328228,Rio Magdalena
2020-04-30,42.30204637348652,Rio Magdalena
2020-05-31,106.56751640886068,Rio Magdalena
2020-06-30,119.24878626316786,Rio Magdalena
2020-07-31,164.6984402835369,Rio Magdalena
2020-08-31,224.29822635650635,Rio Magdalena
2020-09-30,178.3144882619381,Rio Magdalena
2020-10-31,179.20157700963318,Rio Magdalena
2020-11-30,194.00005985051394,Rio Magdalena
2020-12-31,22.41526586562395,Rio Magdalena
2021-01-31,5.442132201045752,Rio Magdalena
2021-02-28,5.606414772570133,Rio Magdalena
2021-03-31,17.774261340498924,Rio Magdalena
2021-04-30,135.00450786203146,Rio Magdalena
2021-05-31,107.28637424856424,Rio Magdalena
2021-06-30,105.36733993887901,Rio Magdalena
2021-07-31,91.03344068303704,Rio Magdalena
2021-08-31,170.55089870095253,Rio Magdalena
2021-09-30,128.67863877117634,Rio Magdalena
2021-10-31,199.72534531354904,Rio Magdalena
2021-11-30,100.48126332461834,Rio Magdalena
2021-12-31,33.14302611351013,Rio Magdalena
2022-01-31,0.0,Rio Magdalena
2022-02-28,9.137119218707085,Rio Magdalena
2022-03-31,30.146370217204094,Rio Magdalena
2022-04-30,145.0090122371912,Rio Magdalena
2022-05-31,173.14262372255325,Rio Magdalena
2022-06-30,214.7885171175003,Rio Magdalena
2022-07-31,132.1032711043954,Rio Magdalena
2022-08-31,206.6948615461588,Rio Magdalena
2022-09-30,241.4479489326477,Rio Magdalena
2022-10-31,133.41377946734428,Rio Magdalena
2022-11-30,255.16893889009953,Rio Magdalena
2022-12-31,6.787374183535576,Rio Magdalena
2023-01-31,10.091941341757774,Rio Magdalena
2023-02-28,0.8011084645986557,Rio Magdalena
2023-03-31,26.483429051935673,Rio Magdalena
2023-04-30,71.29637205600739,Rio Magdalena
2023-05-31,190.1025985479355,Rio Magdalena
2023-06-30,154.6435928940773,Rio Magdalena
2023-07-31,136.47188979387283,Rio Magdalena
2023-08-31,153.60297835245728,Rio Magdalena
2023-09-30,87.05892093479633,Rio Magdalena
2023-10-31,195.70790945366025,Rio Magdalena
2023-11-30,115.40349408984184,Rio Magdalena
2023-12-31,21.676159895956516,Rio Magdalena
2024-01-31,0.3115956038236618,Rio Magdalena
2024-02-29,7.232492730021477,Rio Magdalena
2024-03-31,7.261484444141388,Rio Magdalena
2024-04-30,81.64742987286445,Rio Magdalena
2024-05-31,172.74774831533432,Rio Magdalena
2024-06-30,201.61722964048386,Rio Magdalena
2024-07-31,131.5530264377594,Rio Magdalena
2024-08-31,153.8249690234661,Rio Magdalena
2024-09-30,162.0152819007635,Rio Magdalena
2024-10-31,240.9889039322734,Rio Magdalena
2024-11-30,204.15986181795597,Rio Magdalena
2024-12-31,59.156774654984474,Rio Magdalena
2025-01-31,11.221813812851906,Rio Magdalena
2025-02-28,8.92804205045104,Rio Magdalena
2025-03-31,19.339603573083878,Rio Magdalena
2025-04-30,76.1766879633069,Rio Magdalena
2025-05-31,162.38575816899538,Rio Magdalena
2025-06-30,132.41828827559948,Rio Magdalena
2025-07-31,92.68529929406941,Rio Magdalena
2025-08-31,148.544799502939,Rio Magdalena
2025-09-30,176.38220089673996,Rio Magdalena
2025-10-31,104.51678466051817,Rio Magdalena
2025-11-30,85.20824871584773,Rio Magdalena
2025-12-31,50.27362895011902,Rio Magdalena
2026-01-31,29.255944192409515,Rio Magdalena
2026-02-28,47.587973142042756,Rio Magdalena
2026-03-31,26.219679601490498,Rio Magdalena
2026-04-30,60.86771170049906,Rio Magdalena
2026-05-31,49.00749514187919,Rio Magdalena
