month,basin,pet
1981-01-01,Canal del Dique,149.66875000000002
1981-02-01,Canal del Dique,142.77708333333337
1981-03-01,Canal del Dique,149.65208333333337
1981-04-01,Canal del Dique,142.00208333333333
1981-05-01,Canal del Dique,129.27291666666665
1981-06-01,Canal del Dique,122.69166666666668
1981-07-01,Canal del Dique,140.39375
1981-08-01,Canal del Dique,140.11041666666668
1981-09-01,Canal del Dique,137.05416666666667
1981-10-01,Canal del Dique,122.54583333333332
1981-11-01,Canal del Dique,113.68333333333337
1981-12-01,Canal del Dique,117.22916666666669
1982-01-01,Canal del Dique,128.24166666666667
1982-02-01,Canal del Dique,131.35000000000002
1982-03-01,Canal del Dique,165.85
1982-04-01,Canal del Dique,131.92916666666667
1982-05-01,Canal del Dique,136.26250000000002
1982-06-01,Canal del Dique,133.8125
1982-07-01,Canal del Dique,146.35416666666666
1982-08-01,Canal del Dique,156.49583333333337
1982-09-01,Canal del Dique,139.1125
1982-10-01,Canal del Dique,119.7375
1982-11-01,Canal del Dique,124.425
1982-12-01,Canal del Dique,143.24375
1983-01-01,Canal del Dique,145.1625
1983-02-01,Canal del Dique,141.19791666666666
1983-03-01,Canal del Dique,151.11249999999998
1983-04-01,Canal del Dique,153.77916666666667
1983-05-01,Canal del Dique,148.00625000000002
1983-06-01,Canal del Dique,135.13541666666666
1983-07-01,Canal del Dique,143.23333333333335
1983-08-01,Canal del Dique,142.59166666666667
1983-09-01,Canal del Dique,131.51458333333335
1983-10-01,Canal del Dique,121.12916666666668
1983-11-01,Canal del Dique,114.63541666666669
1983-12-01,Canal del Dique,112.60625
1984-01-01,Canal del Dique,125.46458333333334
1984-02-01,Canal del Dique,114.95208333333336
1984-03-01,Canal del Dique,153.02916666666667
1984-04-01,Canal del Dique,146.15208333333337
1984-05-01,Canal del Dique,140.20833333333334
1984-06-01,Canal del Dique,121.65625
1984-07-01,Canal del Dique,124.04791666666668
1984-08-01,Canal del Dique,127.97083333333336
1984-09-01,Canal del Dique,129.14375
1984-10-01,Canal del Dique,113.34166666666668
1984-11-01,Canal del Dique,108.35833333333336
1984-12-01,Canal del Dique,141.51666666666668
1985-01-01,Canal del Dique,149.51041666666666
1985-02-01,Canal del Dique,153.8375
1985-03-01,Canal del Dique,174.83333333333334
1985-04-01,Canal del Dique,153.9
1985-05-01,Canal del Dique,132.16666666666666
1985-06-01,Canal del Dique,121.77083333333331
1985-07-01,Canal del Dique,133.60416666666669
1985-08-01,Canal del Dique,130.9625
1985-09-01,Canal del Dique,127.16875
1985-10-01,Canal del Dique,114.76041666666669
1985-11-01,Canal del Dique,113.77916666666668
1985-12-01,Canal del Dique,118.33541666666667
1986-01-01,Canal del Dique,141.82083333333335
1986-02-01,Canal del Dique,132.47500000000002
1986-03-01,Canal del Dique,163.54375000000002
1986-04-01,Canal del Dique,131.37708333333333
1986-05-01,Canal del Dique,137.25000000000003
1986-06-01,Canal del Dique,131.43958333333333
1986-07-01,Canal del Dique,153.35625000000002
1986-08-01,Canal del Dique,148.65416666666667
1986-09-01,Canal del Dique,133.5583333333333
1986-10-01,Canal del Dique,111.72916666666669
1986-11-01,Canal del Dique,119.18125000000002
1986-12-01,Canal del Dique,132.20833333333334
1987-01-01,Canal del Dique,141.74375
1987-02-01,Canal del Dique,145.2854166666667
1987-03-01,Canal del Dique,158.80416666666667
1987-04-01,Canal del Dique,143.63541666666666
1987-05-01,Canal del Dique,131.35416666666666
1987-06-01,Canal del Dique,136.42291666666668
1987-07-01,Canal del Dique,130.04791666666668
1987-08-01,Canal del Dique,143.49791666666667
1987-09-01,Canal del Dique,132.17708333333334
1987-10-01,Canal del Dique,117.72708333333333
1987-11-01,Canal del Dique,121.7375
1987-12-01,Canal del Dique,129.52916666666667
1988-01-01,Canal del Dique,149.94583333333333
1988-02-01,Canal del Dique,149.06458333333333
1988-03-01,Canal del Dique,195.7541666666667
1988-04-01,Canal del Dique,149.1625
1988-05-01,Canal del Dique,136.89375
1988-06-01,Canal del Dique,118.99583333333337
1988-07-01,Canal del Dique,131.67291666666665
1988-08-01,Canal del Dique,119.36875
1988-09-01,Canal del Dique,124.26875
1988-10-01,Canal del Dique,118.09583333333336
1988-11-01,Canal del Dique,106.75625
1988-12-01,Canal del Dique,121.02083333333331
1989-01-01,Canal del Dique,137.92708333333334
1989-02-01,Canal del Dique,154.82708333333335
1989-03-01,Canal del Dique,147.32916666666668
1989-04-01,Canal del Dique,168.07708333333335
1989-05-01,Canal del Dique,130.21875
1989-06-01,Canal del Dique,122.15208333333337
1989-07-01,Canal del Dique,129.05833333333337
1989-08-01,Canal del Dique,135.88541666666669
1989-09-01,Canal del Dique,122.77708333333332
1989-10-01,Canal del Dique,121.175
1989-11-01,Canal del Dique,107.84166666666664
1989-12-01,Canal del Dique,125.24375000000002
1990-01-01,Canal del Dique,143.8479166666667
1990-02-01,Canal del Dique,135.78958333333333
1990-03-01,Canal del Dique,171.72916666666666
1990-04-01,Canal del Dique,158.60416666666666
1990-05-01,Canal del Dique,140.85208333333335
1990-06-01,Canal del Dique,133.53333333333333
1990-07-01,Canal del Dique,139.32500000000002
1990-08-01,Canal del Dique,147.4375
1990-09-01,Canal del Dique,138.53541666666666
1990-10-01,Canal del Dique,113.19791666666669
1990-11-01,Canal del Dique,104.52500000000002
1990-12-01,Canal del Dique,126.53541666666668
1991-01-01,Canal del Dique,142.54999999999998
1991-02-01,Canal del Dique,148.68333333333337
1991-03-01,Canal del Dique,164.86666666666667
1991-04-01,Canal del Dique,147.03750000000002
1991-05-01,Canal del Dique,126.68958333333336
1991-06-01,Canal del Dique,121.27916666666668
1991-07-01,Canal del Dique,141.58125
1991-08-01,Canal del Dique,146.48125000000002
1991-09-01,Canal del Dique,135.125
1991-10-01,Canal del Dique,130.40833333333333
1991-11-01,Canal del Dique,114.07083333333333
1991-12-01,Canal del Dique,130.68958333333333
1992-01-01,Canal del Dique,134.19791666666666
1992-02-01,Canal del Dique,138.79375000000002
1992-03-01,Canal del Dique,172.625
1992-04-01,Canal del Dique,146.33541666666667
1992-05-01,Canal del Dique,135.5041666666667
1992-06-01,Canal del Dique,132.08541666666667
1992-07-01,Canal del Dique,133.24375
1992-08-01,Canal del Dique,136.83958333333337
1992-09-01,Canal del Dique,126.35416666666669
1992-10-01,Canal del Dique,119.44166666666668
1992-11-01,Canal del Dique,118.725
1992-12-01,Canal del Dique,130.51875000000004
1993-01-01,Canal del Dique,126.47291666666666
1993-02-01,Canal del Dique,143.53333333333333
1993-03-01,Canal del Dique,148.75625
1993-04-01,Canal del Dique,132.67916666666667
1993-05-01,Canal del Dique,122.45833333333331
1993-06-01,Canal del Dique,131.42916666666667
1993-07-01,Canal del Dique,143.78333333333333
1993-08-01,Canal del Dique,146.525
1993-09-01,Canal del Dique,124.69791666666669
1993-10-01,Canal del Dique,125.59583333333336
1993-11-01,Canal del Dique,117.0
1993-12-01,Canal del Dique,128.41875000000002
1994-01-01,Canal del Dique,145.09375
1994-02-01,Canal del Dique,141.95416666666668
1994-03-01,Canal del Dique,149.15416666666667
1994-04-01,Canal del Dique,146.23958333333334
1994-05-01,Canal del Dique,139.97500000000002
1994-06-01,Canal del Dique,137.25833333333335
1994-07-01,Canal del Dique,148.09166666666667
1994-08-01,Canal del Dique,139.76874999999998
1994-09-01,Canal del Dique,139.6
1994-10-01,Canal del Dique,127.60000000000002
1994-11-01,Canal del Dique,113.08333333333331
1994-12-01,Canal del Dique,136.2875
1995-01-01,Canal del Dique,161.47708333333335
1995-02-01,Canal del Dique,161.81250000000003
1995-03-01,Canal del Dique,173.88750000000002
1995-04-01,Canal del Dique,151.14374999999998
1995-05-01,Canal del Dique,134.17083333333335
1995-06-01,Canal del Dique,131.64583333333334
1995-07-01,Canal del Dique,135.41458333333335
1995-08-01,Canal del Dique,133.01250000000002
1995-09-01,Canal del Dique,138.05416666666667
1995-10-01,Canal del Dique,114.04583333333336
1995-11-01,Canal del Dique,114.4875
1995-12-01,Canal del Dique,116.62291666666668
1996-01-01,Canal del Dique,128.01041666666666
1996-02-01,Canal del Dique,134.53125000000003
1996-03-01,Canal del Dique,156.35833333333335
1996-04-01,Canal del Dique,159.64791666666667
1996-05-01,Canal del Dique,129.63750000000002
1996-06-01,Canal del Dique,128.27708333333334
1996-07-01,Canal del Dique,134.90833333333333
1996-08-01,Canal del Dique,144.93125
1996-09-01,Canal del Dique,130.16666666666669
1996-10-01,Canal del Dique,126.46458333333334
1996-11-01,Canal del Dique,114.91875
1996-12-01,Canal del Dique,132.16458333333335
1997-01-01,Canal del Dique,147.9375
1997-02-01,Canal del Dique,144.67708333333334
1997-03-01,Canal del Dique,182.0354166666667
1997-04-01,Canal del Dique,156.03125
1997-05-01,Canal del Dique,165.975
1997-06-01,Canal del Dique,137.12083333333337
1997-07-01,Canal del Dique,175.29583333333335
1997-08-01,Canal del Dique,192.2145833333333
1997-09-01,Canal del Dique,149.67708333333334
1997-10-01,Canal del Dique,131.54791666666668
1997-11-01,Canal del Dique,120.3625
1997-12-01,Canal del Dique,149.61249999999998
1998-01-01,Canal del Dique,165.08125
1998-02-01,Canal del Dique,153.90625000000003
1998-03-01,Canal del Dique,187.94791666666663
1998-04-01,Canal del Dique,152.6875
1998-05-01,Canal del Dique,135.25833333333333
1998-06-01,Canal del Dique,134.68958333333333
1998-07-01,Canal del Dique,139.875
1998-08-01,Canal del Dique,147.59375
1998-09-01,Canal del Dique,135.82083333333335
1998-10-01,Canal del Dique,118.70833333333336
1998-11-01,Canal del Dique,116.64791666666667
1998-12-01,Canal del Dique,114.36041666666668
1999-01-01,Canal del Dique,135.77708333333337
1999-02-01,Canal del Dique,130.02916666666667
1999-03-01,Canal del Dique,158.3479166666667
1999-04-01,Canal del Dique,153.2854166666667
1999-05-01,Canal del Dique,138.86666666666667
1999-06-01,Canal del Dique,128.94583333333333
1999-07-01,Canal del Dique,146.32291666666666
1999-08-01,Canal del Dique,135.2375
1999-09-01,Canal del Dique,126.37083333333332
1999-10-01,Canal del Dique,114.23541666666668
1999-11-01,Canal del Dique,112.75625000000002
1999-12-01,Canal del Dique,109.11666666666667
2000-01-01,Canal del Dique,125.65208333333332
2000-02-01,Canal del Dique,137.775
2000-03-01,Canal del Dique,162.0354166666667
2000-04-01,Canal del Dique,150.22083333333333
2000-05-01,Canal del Dique,135.85208333333335
2000-06-01,Canal del Dique,135.07500000000002
2000-07-01,Canal del Dique,143.91250000000002
2000-08-01,Canal del Dique,152.09166666666667
2000-09-01,Canal del Dique,129.90416666666667
2000-10-01,Canal del Dique,122.40000000000002
2000-11-01,Canal del Dique,120.77083333333331
2000-12-01,Canal del Dique,121.63541666666669
2001-01-01,Canal del Dique,137.83333333333334
2001-02-01,Canal del Dique,154.76875
2001-03-01,Canal del Dique,142.79583333333335
2001-04-01,Canal del Dique,157.6
2001-05-01,Canal del Dique,139.125
2001-06-01,Canal del Dique,144.90416666666667
2001-07-01,Canal del Dique,145.25833333333333
2001-08-01,Canal del Dique,154.2125
2001-09-01,Canal del Dique,136.3791666666667
2001-10-01,Canal del Dique,127.40000000000002
2001-11-01,Canal del Dique,112.25
2001-12-01,Canal del Dique,112.80625000000002
2002-01-01,Canal del Dique,144.0875
2002-02-01,Canal del Dique,150.36666666666667
2002-03-01,Canal del Dique,176.03750000000002
2002-04-01,Canal del Dique,162.29375000000002
2002-05-01,Canal del Dique,165.70833333333334
2002-06-01,Canal del Dique,144.91458333333333
2002-07-01,Canal del Dique,152.93541666666667
2002-08-01,Canal del Dique,160.05
2002-09-01,Canal del Dique,138.06875
2002-10-01,Canal del Dique,134.0666666666667
2002-11-01,Canal del Dique,134.77291666666667
2002-12-01,Canal del Dique,153.9104166666667
2003-01-01,Canal del Dique,170.2104166666667
2003-02-01,Canal del Dique,161.55625
2003-03-01,Canal del Dique,181.32916666666665
2003-04-01,Canal del Dique,148.81875000000002
2003-05-01,Canal del Dique,140.175
2003-06-01,Canal del Dique,127.09166666666664
2003-07-01,Canal del Dique,142.88958333333335
2003-08-01,Canal del Dique,144.18333333333334
2003-09-01,Canal del Dique,134.4125
2003-10-01,Canal del Dique,123.26041666666669
2003-11-01,Canal del Dique,113.39791666666667
2003-12-01,Canal del Dique,118.51041666666669
2004-01-01,Canal del Dique,153.77916666666667
2004-02-01,Canal del Dique,159.40208333333334
2004-03-01,Canal del Dique,195.80416666666667
2004-04-01,Canal del Dique,147.34583333333333
2004-05-01,Canal del Dique,133.8375
2004-06-01,Canal del Dique,139.77083333333334
2004-07-01,Canal del Dique,137.46666666666667
2004-08-01,Canal del Dique,147.51458333333335
2004-09-01,Canal del Dique,130.55625
2004-10-01,Canal del Dique,123.71250000000002
2004-11-01,Canal del Dique,116.06041666666664
2004-12-01,Canal del Dique,142.03125
2005-01-01,Canal del Dique,156.07291666666666
2005-02-01,Canal del Dique,161.875
2005-03-01,Canal del Dique,157.86875
2005-04-01,Canal del Dique,144.53958333333333
2005-05-01,Canal del Dique,133.60416666666666
2005-06-01,Canal del Dique,130.71666666666667
2005-07-01,Canal del Dique,142.85833333333335
2005-08-01,Canal del Dique,140.16666666666666
2005-09-01,Canal del Dique,138.22916666666666
2005-10-01,Canal del Dique,127.83958333333332
2005-11-01,Canal del Dique,107.00833333333333
2005-12-01,Canal del Dique,130.0041666666667
2006-01-01,Canal del Dique,144.22083333333333
2006-02-01,Canal del Dique,154.47708333333335
2006-03-01,Canal del Dique,164.71458333333337
2006-04-01,Canal del Dique,146.99166666666667
2006-05-01,Canal del Dique,136.87916666666666
2006-06-01,Canal del Dique,131.5625
2006-07-01,Canal del Dique,138.46666666666667
2006-08-01,Canal del Dique,150.28750000000002
2006-09-01,Canal del Dique,143.31041666666667
2006-10-01,Canal del Dique,126.25416666666668
2006-11-01,Canal del Dique,114.90625
2006-12-01,Canal del Dique,126.67916666666667
2007-01-01,Canal del Dique,156.53333333333333
2007-02-01,Canal del Dique,163.4729166666667
2007-03-01,Canal del Dique,170.55416666666667
2007-04-01,Canal del Dique,135.56875000000002
2007-05-01,Canal del Dique,122.64375
2007-06-01,Canal del Dique,138.77291666666667
2007-07-01,Canal del Dique,140.68541666666667
2007-08-01,Canal del Dique,132.73749999999998
2007-09-01,Canal del Dique,131.70624999999998
2007-10-01,Canal del Dique,115.68958333333336
2007-11-01,Canal del Dique,116.00625000000002
2007-12-01,Canal del Dique,123.0125
2008-01-01,Canal del Dique,156.025
2008-02-01,Canal del Dique,145.8375
2008-03-01,Canal del Dique,166.81875000000002
2008-04-01,Canal del Dique,157.15833333333333
2008-05-01,Canal del Dique,130.90625
2008-06-01,Canal del Dique,129.9
2008-07-01,Canal del Dique,129.73333333333335
2008-08-01,Canal del Dique,136.05
2008-09-01,Canal del Dique,132.76458333333335
2008-10-01,Canal del Dique,122.69375000000002
2008-11-01,Canal del Dique,103.8291666666667
2008-12-01,Canal del Dique,139.8375
2009-01-01,Canal del Dique,155.025
2009-02-01,Canal del Dique,158.30833333333334
2009-03-01,Canal del Dique,172.72916666666666
2009-04-01,Canal del Dique,176.67083333333335
2009-05-01,Canal del Dique,139.5041666666667
2009-06-01,Canal del Dique,130.01874999999998
2009-07-01,Canal del Dique,144.88333333333333
2009-08-01,Canal del Dique,144.57083333333335
2009-09-01,Canal del Dique,143.26458333333335
2009-10-01,Canal del Dique,126.39791666666667
2009-11-01,Canal del Dique,122.84583333333336
2009-12-01,Canal del Dique,143.82291666666666
2010-01-01,Canal del Dique,164.53958333333333
2010-02-01,Canal del Dique,147.10833333333332
2010-03-01,Canal del Dique,149.92708333333334
2010-04-01,Canal del Dique,147.92916666666667
2010-05-01,Canal del Dique,142.50833333333335
2010-06-01,Canal del Dique,126.34791666666668
2010-07-01,Canal del Dique,127.79375
2010-08-01,Canal del Dique,129.94791666666666
2010-09-01,Canal del Dique,130.9375
2010-10-01,Canal del Dique,123.93958333333336
2010-11-01,Canal del Dique,103.36875000000002
2010-12-01,Canal del Dique,108.1625
2011-01-01,Canal del Dique,135.175
2011-02-01,Canal del Dique,144.43958333333333
2011-03-01,Canal del Dique,150.90416666666667
2011-04-01,Canal del Dique,138.57916666666668
2011-05-01,Canal del Dique,142.70000000000002
2011-06-01,Canal del Dique,129.65625
2011-07-01,Canal del Dique,131.38333333333335
2011-08-01,Canal del Dique,139.82291666666669
2011-09-01,Canal del Dique,135.01250000000002
2011-10-01,Canal del Dique,111.10625
2011-11-01,Canal del Dique,106.725
2011-12-01,Canal del Dique,119.29375
2012-01-01,Canal del Dique,148.20624999999998
2012-02-01,Canal del Dique,155.18333333333337
2012-03-01,Canal del Dique,171.02083333333334
2012-04-01,Canal del Dique,131.67083333333335
2012-05-01,Canal del Dique,141.95416666666668
2012-06-01,Canal del Dique,145.03333333333333
2012-07-01,Canal del Dique,151.49166666666667
2012-08-01,Canal del Dique,144.34166666666667
2012-09-01,Canal del Dique,145.87500000000003
2012-10-01,Canal del Dique,122.43958333333336
2012-11-01,Canal del Dique,127.71666666666668
2012-12-01,Canal del Dique,137.06250000000003
2013-01-01,Canal del Dique,166.01458333333335
2013-02-01,Canal del Dique,149.375
2013-03-01,Canal del Dique,148.77083333333334
2013-04-01,Canal del Dique,158.81875
2013-05-01,Canal del Dique,151.12708333333333
2013-06-01,Canal del Dique,136.9625
2013-07-01,Canal del Dique,149.52916666666667
2013-08-01,Canal del Dique,140.60208333333333
2013-09-01,Canal del Dique,138.1604166666667
2013-10-01,Canal del Dique,128.82916666666668
2013-11-01,Canal del Dique,120.7354166666667
2013-12-01,Canal del Dique,137.38333333333335
2014-01-01,Canal del Dique,146.8125
2014-02-01,Canal del Dique,149.64375
2014-03-01,Canal del Dique,165.01458333333335
2014-04-01,Canal del Dique,163.66875000000002
2014-05-01,Canal del Dique,156.44791666666666
2014-06-01,Canal del Dique,149.02083333333334
2014-07-01,Canal del Dique,179.63958333333335
2014-08-01,Canal del Dique,156.28125
2014-09-01,Canal del Dique,136.62291666666667
2014-10-01,Canal del Dique,125.48958333333331
2014-11-01,Canal del Dique,122.90416666666668
2014-12-01,Canal del Dique,131.18541666666667
2015-01-01,Canal del Dique,151.73958333333334
2015-02-01,Canal del Dique,148.92083333333335
2015-03-01,Canal del Dique,168.67916666666667
2015-04-01,Canal del Dique,157.65
2015-05-01,Canal del Dique,162.675
2015-06-01,Canal del Dique,166.88125000000002
2015-07-01,Canal del Dique,166.94375
2015-08-01,Canal del Dique,158.9625
2015-09-01,Canal del Dique,149.53125
2015-10-01,Canal del Dique,138.39791666666667
2015-11-01,Canal del Dique,117.89375
2015-12-01,Canal del Dique,143.175
2016-01-01,Canal del Dique,149.70833333333334
2016-02-01,Canal del Dique,155.95833333333334
2016-03-01,Canal del Dique,180.31875
2016-04-01,Canal del Dique,161.67083333333335
2016-05-01,Canal del Dique,145.36458333333334
2016-06-01,Canal del Dique,140.3375
2016-07-01,Canal del Dique,143.13125000000002
2016-08-01,Canal del Dique,158.4
2016-09-01,Canal del Dique,140.16666666666666
2016-10-01,Canal del Dique,121.02291666666667
2016-11-01,Canal del Dique,110.58750000000002
2016-12-01,Canal del Dique,131.89583333333334
2017-01-01,Canal del Dique,157.2125
2017-02-01,Canal del Dique,158.38750000000002
2017-03-01,Canal del Dique,160.65208333333337
2017-04-01,Canal del Dique,167.56875000000002
2017-05-01,Canal del Dique,143.78333333333333
2017-06-01,Canal del Dique,135.56666666666666
2017-07-01,Canal del Dique,147.03333333333333
2017-08-01,Canal del Dique,146.34583333333333
2017-09-01,Canal del Dique,140.65833333333333
2017-10-01,Canal del Dique,137.88333333333335
2017-11-01,Canal del Dique,126.39375
2017-12-01,Canal del Dique,144.85833333333335
2018-01-01,Canal del Dique,133.49375
2018-02-01,Canal del Dique,164.20208333333335
2018-03-01,Canal del Dique,176.04583333333335
2018-04-01,Canal del Dique,152.47916666666666
2018-05-01,Canal del Dique,134.39374999999998
2018-06-01,Canal del Dique,138.05208333333334
2018-07-01,Canal del Dique,159.64791666666667
2018-08-01,Canal del Dique,166.34375
2018-09-01,Canal del Dique,144.53750000000002
2018-10-01,Canal del Dique,134.64583333333334
2018-11-01,Canal del Dique,133.07291666666666
2018-12-01,Canal del Dique,165.89166666666668
2019-01-01,Canal del Dique,164.65208333333337
2019-02-01,Canal del Dique,161.35208333333335
2019-03-01,Canal del Dique,176.76874999999998
2019-04-01,Canal del Dique,166.41666666666669
2019-05-01,Canal del Dique,144.86875
2019-06-01,Canal del Dique,148.42083333333335
2019-07-01,Canal del Dique,172.08333333333334
2019-08-01,Canal del Dique,168.28958333333335
2019-09-01,Canal del Dique,151.80208333333334
2019-10-01,Canal del Dique,127.23125
2019-11-01,Canal del Dique,133.13541666666666
2019-12-01,Canal del Dique,143.1604166666667
2020-01-01,Canal del Dique,162.38125
2020-02-01,Canal del Dique,165.5979166666667
2020-03-01,Canal del Dique,195.5125
2020-04-01,Canal del Dique,176.74583333333337
2020-05-01,Canal del Dique,159.37083333333334
2020-06-01,Canal del Dique,143.7229166666667
2020-07-01,Canal del Dique,138.95624999999998
2020-08-01,Canal del Dique,139.3625
2020-09-01,Canal del Dique,140.37708333333333
2020-10-01,Canal del Dique,129.48750000000004
2020-11-01,Canal del Dique,111.13541666666669
2020-12-01,Canal del Dique,137.44791666666666
2021-01-01,Canal del Dique,161.74791666666667
2021-02-01,Canal del Dique,159.6125
2021-03-01,Canal del Dique,185.13333333333333
2021-04-01,Canal del Dique,143.20000000000002
2021-05-01,Canal del Dique,154.92708333333334
2021-06-01,Canal del Dique,128.53125
2021-07-01,Canal del Dique,148.25
2021-08-01,Canal del Dique,139.20000000000002
2021-09-01,Canal del Dique,135.55625
2021-10-01,Canal del Dique,127.72083333333336
2021-11-01,Canal del Dique,123.15416666666668
2021-12-01,Canal del Dique,140.84375
2022-01-01,Canal del Dique,155.2229166666667
2022-02-01,Canal del Dique,153.025
2022-03-01,Canal del Dique,160.4104166666667
2022-04-01,Canal del Dique,139.37291666666667
2022-05-01,Canal del Dique,141.1520833333333
2022-06-01,Canal del Dique,124.425
2022-07-01,Canal del Dique,140.4625
2022-08-01,Canal del Dique,141.60625000000002
2022-09-01,Canal del Dique,137.91875000000002
2022-10-01,Canal del Dique,130.48541666666668
2022-11-01,Canal del Dique,109.24583333333332
2022-12-01,Canal del Dique,150.9958333333333
2023-01-01,Canal del Dique,155.54166666666669
2023-02-01,Canal del Dique,165.63958333333332
2023-03-01,Canal del Dique,164.75833333333335
2023-04-01,Canal del Dique,167.1125
2023-05-01,Canal del Dique,166.88958333333335
2023-06-01,Canal del Dique,150.31458333333333
2023-07-01,Canal del Dique,161.42916666666667
2023-08-01,Canal del Dique,165.88541666666666
2023-09-01,Canal del Dique,154.27708333333337
2023-10-01,Canal del Dique,133.97708333333333
2023-11-01,Canal del Dique,123.64166666666668
2023-12-01,Canal del Dique,158.40208333333337
2024-01-01,Canal del Dique,173.0604166666667
2024-02-01,Canal del Dique,153.06458333333333
2024-03-01,Canal del Dique,184.41875
2024-04-01,Canal del Dique,171.70625000000004
2024-05-01,Canal del Dique,144.63958333333335
2024-06-01,Canal del Dique,133.57708333333335
2024-07-01,Canal del Dique,149.21875
2024-08-01,Canal del Dique,150.97916666666666
2024-09-01,Canal del Dique,145.71666666666667
2024-10-01,Canal del Dique,136.07083333333335
2024-11-01,Canal del Dique,111.50625
2024-12-01,Canal del Dique,131.01041666666666
2025-01-01,Canal del Dique,138.37291666666667
2025-02-01,Canal del Dique,136.68125
2025-03-01,Canal del Dique,156.81458333333333
2025-04-01,Canal del Dique,159.68333333333334
2025-05-01,Canal del Dique,144.91458333333335
2025-06-01,Canal del Dique,138.3375
2025-07-01,Canal del Dique,157.38125
2025-08-01,Canal del Dique,156.8375
2025-09-01,Canal del Dique,142.16875000000002
2025-10-01,Canal del Dique,124.7875
2025-11-01,Canal del Dique,123.85000000000002
2025-12-01,Canal del Dique,134.11041666666668
2026-01-01,Canal del Dique,145.97055439435232
2026-02-01,Canal del Dique,146.0317844287801
2026-03-01,Canal del Dique,164.63512869145296
2026-04-01,Canal del Dique,154.10121916267735
2026-05-01,Canal del Dique,143.30533615309884
2026-06-01,Canal del Dique,137.85324305162925
1981-01-01,Caribe,142.3342857142857
1981-02-01,Caribe,138.38857142857145
1981-03-01,Caribe,149.17999999999998
1981-04-01,Caribe,137.7342857142857
1981-05-01,Caribe,126.51428571428572
1981-06-01,Caribe,121.78285714285714
1981-07-01,Caribe,139.0057142857143
1981-08-01,Caribe,139.84285714285716
1981-09-01,Caribe,137.58285714285714
1981-10-01,Caribe,123.02000000000002
1981-11-01,Caribe,111.75714285714284
1981-12-01,Caribe,116.11142857142858
1982-01-01,Caribe,126.10285714285716
1982-02-01,Caribe,132.15142857142857
1982-03-01,Caribe,163.42857142857142
1982-04-01,Caribe,130.92857142857144
1982-05-01,Caribe,133.9457142857143
1982-06-01,Caribe,133.60857142857145
1982-07-01,Caribe,145.35142857142858
1982-08-01,Caribe,155.64285714285714
1982-09-01,Caribe,138.83714285714285
1982-10-01,Caribe,119.48857142857145
1982-11-01,Caribe,125.23714285714284
1982-12-01,Caribe,139.78857142857143
1983-01-01,Caribe,137.33142857142855
1983-02-01,Caribe,132.39714285714288
1983-03-01,Caribe,145.99428571428572
1983-04-01,Caribe,149.1371428571429
1983-05-01,Caribe,147.8857142857143
1983-06-01,Caribe,134.87714285714284
1983-07-01,Caribe,141.66
1983-08-01,Caribe,141.86285714285714
1983-09-01,Caribe,129.9714285714286
1983-10-01,Caribe,121.74285714285718
1983-11-01,Caribe,114.36
1983-12-01,Caribe,112.29142857142858
1984-01-01,Caribe,124.59428571428572
1984-02-01,Caribe,115.39714285714284
1984-03-01,Caribe,153.74
1984-04-01,Caribe,144.57142857142856
1984-05-01,Caribe,142.39714285714288
1984-06-01,Caribe,121.42857142857144
1984-07-01,Caribe,122.43142857142858
1984-08-01,Caribe,128.3057142857143
1984-09-01,Caribe,129.83714285714285
1984-10-01,Caribe,113.30285714285714
1984-11-01,Caribe,107.24
1984-12-01,Caribe,142.1057142857143
1985-01-01,Caribe,141.55714285714285
1985-02-01,Caribe,147.22000000000003
1985-03-01,Caribe,166.9114285714286
1985-04-01,Caribe,152.0457142857143
1985-05-01,Caribe,130.62000000000003
1985-06-01,Caribe,121.59714285714288
1985-07-01,Caribe,131.06285714285715
1985-08-01,Caribe,130.2342857142857
1985-09-01,Caribe,128.6
1985-10-01,Caribe,115.1314285714286
1985-11-01,Caribe,115.58
1985-12-01,Caribe,117.81714285714288
1986-01-01,Caribe,137.9171428571429
1986-02-01,Caribe,131.20285714285714
1986-03-01,Caribe,160.4657142857143
1986-04-01,Caribe,132.59142857142857
1986-05-01,Caribe,137.05142857142857
1986-06-01,Caribe,131.98857142857145
1986-07-01,Caribe,152.18857142857144
1986-08-01,Caribe,150.06571428571428
1986-09-01,Caribe,133.74571428571429
1986-10-01,Caribe,113.18
1986-11-01,Caribe,120.82
1986-12-01,Caribe,130.0542857142857
1987-01-01,Caribe,137.45999999999998
1987-02-01,Caribe,138.22285714285715
1987-03-01,Caribe,154.88
1987-04-01,Caribe,138.98857142857145
1987-05-01,Caribe,129.86857142857144
1987-06-01,Caribe,136.90571428571428
1987-07-01,Caribe,129.09428571428572
1987-08-01,Caribe,143.89428571428573
1987-09-01,Caribe,133.45428571428573
1987-10-01,Caribe,118.59714285714288
1987-11-01,Caribe,122.49714285714283
1987-12-01,Caribe,127.60571428571428
1988-01-01,Caribe,143.27142857142857
1988-02-01,Caribe,143.0371428571429
1988-03-01,Caribe,182.18857142857144
1988-04-01,Caribe,147.39714285714288
1988-05-01,Caribe,135.7514285714286
1988-06-01,Caribe,117.77714285714283
1988-07-01,Caribe,130.95714285714286
1988-08-01,Caribe,119.50857142857144
1988-09-01,Caribe,125.1314285714286
1988-10-01,Caribe,119.65142857142855
1988-11-01,Caribe,105.55142857142856
1988-12-01,Caribe,123.29428571428572
1989-01-01,Caribe,137.83714285714282
1989-02-01,Caribe,147.22285714285712
1989-03-01,Caribe,147.0
1989-04-01,Caribe,163.87714285714284
1989-05-01,Caribe,129.58285714285716
1989-06-01,Caribe,122.75142857142856
1989-07-01,Caribe,127.72571428571428
1989-08-01,Caribe,134.82285714285717
1989-09-01,Caribe,123.85142857142856
1989-10-01,Caribe,121.80000000000004
1989-11-01,Caribe,107.7257142857143
1989-12-01,Caribe,124.14571428571428
1990-01-01,Caribe,143.0514285714286
1990-02-01,Caribe,134.80857142857144
1990-03-01,Caribe,167.23142857142858
1990-04-01,Caribe,154.95428571428573
1990-05-01,Caribe,139.93142857142857
1990-06-01,Caribe,134.75428571428571
1990-07-01,Caribe,137.58857142857144
1990-08-01,Caribe,147.58
1990-09-01,Caribe,137.9
1990-10-01,Caribe,112.05428571428573
1990-11-01,Caribe,105.06285714285714
1990-12-01,Caribe,127.10571428571431
1991-01-01,Caribe,139.7457142857143
1991-02-01,Caribe,139.19714285714286
1991-03-01,Caribe,158.17142857142858
1991-04-01,Caribe,145.0457142857143
1991-05-01,Caribe,126.53142857142856
1991-06-01,Caribe,121.6
1991-07-01,Caribe,141.77999999999997
1991-08-01,Caribe,146.18000000000004
1991-09-01,Caribe,135.38857142857145
1991-10-01,Caribe,130.74
1991-11-01,Caribe,115.63714285714286
1991-12-01,Caribe,130.30000000000004
1992-01-01,Caribe,129.10857142857142
1992-02-01,Caribe,133.81714285714287
1992-03-01,Caribe,164.04000000000002
1992-04-01,Caribe,141.42571428571426
1992-05-01,Caribe,135.42571428571432
1992-06-01,Caribe,130.66857142857145
1992-07-01,Caribe,132.9457142857143
1992-08-01,Caribe,136.84857142857146
1992-09-01,Caribe,127.34857142857142
1992-10-01,Caribe,118.76857142857142
1992-11-01,Caribe,119.32285714285716
1992-12-01,Caribe,129.66285714285718
1993-01-01,Caribe,121.58571428571427
1993-02-01,Caribe,138.53428571428572
1993-03-01,Caribe,145.68285714285713
1993-04-01,Caribe,131.67999999999998
1993-05-01,Caribe,120.67428571428572
1993-06-01,Caribe,132.82285714285717
1993-07-01,Caribe,144.69714285714284
1993-08-01,Caribe,146.10571428571427
1993-09-01,Caribe,125.45714285714286
1993-10-01,Caribe,125.2
1993-11-01,Caribe,117.95428571428572
1993-12-01,Caribe,127.45714285714288
1994-01-01,Caribe,140.64285714285714
1994-02-01,Caribe,137.58285714285714
1994-03-01,Caribe,149.68857142857144
1994-04-01,Caribe,147.19714285714284
1994-05-01,Caribe,138.4714285714286
1994-06-01,Caribe,137.9742857142857
1994-07-01,Caribe,147.27428571428572
1994-08-01,Caribe,138.08857142857144
1994-09-01,Caribe,140.3857142857143
1994-10-01,Caribe,128.73714285714289
1994-11-01,Caribe,112.31428571428572
1994-12-01,Caribe,133.44000000000003
1995-01-01,Caribe,152.74571428571429
1995-02-01,Caribe,150.3857142857143
1995-03-01,Caribe,165.07428571428576
1995-04-01,Caribe,148.2
1995-05-01,Caribe,132.88285714285715
1995-06-01,Caribe,131.26571428571432
1995-07-01,Caribe,133.88571428571427
1995-08-01,Caribe,133.64571428571423
1995-09-01,Caribe,139.95142857142858
1995-10-01,Caribe,114.91142857142856
1995-11-01,Caribe,114.76
1995-12-01,Caribe,116.80571428571427
1996-01-01,Caribe,127.48285714285718
1996-02-01,Caribe,132.88857142857142
1996-03-01,Caribe,154.32000000000002
1996-04-01,Caribe,161.37714285714287
1996-05-01,Caribe,130.74285714285716
1996-06-01,Caribe,128.30571428571432
1996-07-01,Caribe,133.84857142857146
1996-08-01,Caribe,143.65714285714284
1996-09-01,Caribe,130.69142857142856
1996-10-01,Caribe,127.46571428571428
1996-11-01,Caribe,115.54857142857142
1996-12-01,Caribe,131.69714285714284
1997-01-01,Caribe,142.04000000000002
1997-02-01,Caribe,142.29714285714286
1997-03-01,Caribe,171.83428571428576
1997-04-01,Caribe,149.22285714285712
1997-05-01,Caribe,164.79142857142855
1997-06-01,Caribe,136.62571428571428
1997-07-01,Caribe,171.95714285714288
1997-08-01,Caribe,192.9171428571429
1997-09-01,Caribe,148.44000000000003
1997-10-01,Caribe,130.4485714285714
1997-11-01,Caribe,118.80285714285716
1997-12-01,Caribe,141.49714285714285
1998-01-01,Caribe,149.27428571428572
1998-02-01,Caribe,142.42000000000004
1998-03-01,Caribe,173.80857142857147
1998-04-01,Caribe,150.3914285714286
1998-05-01,Caribe,131.40285714285716
1998-06-01,Caribe,135.1514285714286
1998-07-01,Caribe,138.35714285714283
1998-08-01,Caribe,145.51714285714286
1998-09-01,Caribe,136.68
1998-10-01,Caribe,117.84857142857142
1998-11-01,Caribe,117.12285714285714
1998-12-01,Caribe,114.57142857142858
1999-01-01,Caribe,133.42
1999-02-01,Caribe,127.04571428571428
1999-03-01,Caribe,157.39142857142858
1999-04-01,Caribe,150.99142857142863
1999-05-01,Caribe,137.07142857142858
1999-06-01,Caribe,128.26857142857142
1999-07-01,Caribe,144.82571428571433
1999-08-01,Caribe,134.33142857142855
1999-09-01,Caribe,127.25714285714284
1999-10-01,Caribe,114.97428571428571
1999-11-01,Caribe,114.05142857142856
1999-12-01,Caribe,111.49714285714288
2000-01-01,Caribe,126.29714285714284
2000-02-01,Caribe,135.38
2000-03-01,Caribe,156.7257142857143
2000-04-01,Caribe,147.99142857142857
2000-05-01,Caribe,137.1657142857143
2000-06-01,Caribe,136.51999999999998
2000-07-01,Caribe,143.96571428571428
2000-08-01,Caribe,152.61428571428573
2000-09-01,Caribe,131.06571428571428
2000-10-01,Caribe,123.8457142857143
2000-11-01,Caribe,122.47428571428571
2000-12-01,Caribe,120.32285714285712
2001-01-01,Caribe,134.31142857142856
2001-02-01,Caribe,148.16
2001-03-01,Caribe,142.6714285714286
2001-04-01,Caribe,157.52857142857144
2001-05-01,Caribe,137.20000000000002
2001-06-01,Caribe,145.43142857142857
2001-07-01,Caribe,141.72
2001-08-01,Caribe,154.87714285714287
2001-09-01,Caribe,136.0057142857143
2001-10-01,Caribe,127.34285714285714
2001-11-01,Caribe,112.29428571428572
2001-12-01,Caribe,110.96
2002-01-01,Caribe,138.37428571428575
2002-02-01,Caribe,142.16571428571427
2002-03-01,Caribe,166.5885714285714
2002-04-01,Caribe,161.18571428571428
2002-05-01,Caribe,165.27714285714288
2002-06-01,Caribe,145.96571428571426
2002-07-01,Caribe,151.4
2002-08-01,Caribe,159.55142857142863
2002-09-01,Caribe,137.9085714285714
2002-10-01,Caribe,134.09428571428575
2002-11-01,Caribe,132.6
2002-12-01,Caribe,148.33714285714285
2003-01-01,Caribe,156.3857142857143
2003-02-01,Caribe,150.83142857142855
2003-03-01,Caribe,170.39428571428576
2003-04-01,Caribe,141.27999999999997
2003-05-01,Caribe,136.90571428571428
2003-06-01,Caribe,125.5257142857143
2003-07-01,Caribe,139.2514285714286
2003-08-01,Caribe,141.40571428571428
2003-09-01,Caribe,133.65714285714284
2003-10-01,Caribe,123.74571428571429
2003-11-01,Caribe,112.42857142857144
2003-12-01,Caribe,118.91428571428573
2004-01-01,Caribe,147.43142857142857
2004-02-01,Caribe,150.37142857142854
2004-03-01,Caribe,180.01142857142858
2004-04-01,Caribe,143.9771428571429
2004-05-01,Caribe,132.18571428571428
2004-06-01,Caribe,140.13428571428574
2004-07-01,Caribe,134.28857142857143
2004-08-01,Caribe,143.9085714285714
2004-09-01,Caribe,131.0657142857143
2004-10-01,Caribe,122.59142857142857
2004-11-01,Caribe,116.88000000000002
2004-12-01,Caribe,141.4971428571429
2005-01-01,Caribe,147.7
2005-02-01,Caribe,149.21428571428572
2005-03-01,Caribe,152.48
2005-04-01,Caribe,142.2571428571429
2005-05-01,Caribe,130.50285714285715
2005-06-01,Caribe,128.95142857142855
2005-07-01,Caribe,140.8971428571429
2005-08-01,Caribe,139.32285714285717
2005-09-01,Caribe,138.68857142857144
2005-10-01,Caribe,127.38285714285712
2005-11-01,Caribe,107.24
2005-12-01,Caribe,131.7342857142857
2006-01-01,Caribe,141.65714285714287
2006-02-01,Caribe,145.28
2006-03-01,Caribe,159.4142857142857
2006-04-01,Caribe,146.03142857142856
2006-05-01,Caribe,135.98571428571432
2006-06-01,Caribe,130.68285714285713
2006-07-01,Caribe,135.91714285714286
2006-08-01,Caribe,147.7057142857143
2006-09-01,Caribe,141.54
2006-10-01,Caribe,126.05714285714286
2006-11-01,Caribe,113.55428571428573
2006-12-01,Caribe,124.8
2007-01-01,Caribe,145.76000000000005
2007-02-01,Caribe,150.25714285714287
2007-03-01,Caribe,163.69714285714286
2007-04-01,Caribe,132.0257142857143
2007-05-01,Caribe,120.34857142857142
2007-06-01,Caribe,138.6142857142857
2007-07-01,Caribe,137.67714285714283
2007-08-01,Caribe,130.8685714285714
2007-09-01,Caribe,131.86285714285714
2007-10-01,Caribe,116.47142857142858
2007-11-01,Caribe,117.06285714285714
2007-12-01,Caribe,124.64571428571428
2008-01-01,Caribe,150.59714285714287
2008-02-01,Caribe,140.97142857142856
2008-03-01,Caribe,161.28571428571428
2008-04-01,Caribe,155.74571428571429
2008-05-01,Caribe,130.6942857142857
2008-06-01,Caribe,129.91142857142856
2008-07-01,Caribe,128.07428571428574
2008-08-01,Caribe,136.19714285714284
2008-09-01,Caribe,134.81142857142856
2008-10-01,Caribe,124.10000000000002
2008-11-01,Caribe,103.24857142857144
2008-12-01,Caribe,141.56285714285715
2009-01-01,Caribe,146.54857142857142
2009-02-01,Caribe,148.37714285714284
2009-03-01,Caribe,165.19714285714284
2009-04-01,Caribe,172.1085714285714
2009-05-01,Caribe,137.5314285714286
2009-06-01,Caribe,129.2114285714286
2009-07-01,Caribe,144.3314285714286
2009-08-01,Caribe,145.36285714285714
2009-09-01,Caribe,143.7685714285714
2009-10-01,Caribe,125.99714285714288
2009-11-01,Caribe,122.54285714285716
2009-12-01,Caribe,137.76285714285714
2010-01-01,Caribe,151.68285714285716
2010-02-01,Caribe,135.15714285714287
2010-03-01,Caribe,146.08857142857144
2010-04-01,Caribe,143.95428571428573
2010-05-01,Caribe,141.63428571428574
2010-06-01,Caribe,125.48857142857145
2010-07-01,Caribe,126.16285714285716
2010-08-01,Caribe,129.66285714285715
2010-09-01,Caribe,131.64
2010-10-01,Caribe,124.19714285714288
2010-11-01,Caribe,102.04285714285714
2010-12-01,Caribe,107.68285714285716
2011-01-01,Caribe,133.97142857142856
2011-02-01,Caribe,140.51142857142858
2011-03-01,Caribe,150.42857142857142
2011-04-01,Caribe,140.20285714285717
2011-05-01,Caribe,142.28285714285713
2011-06-01,Caribe,128.20285714285714
2011-07-01,Caribe,129.48285714285717
2011-08-01,Caribe,139.66
2011-09-01,Caribe,135.50857142857143
2011-10-01,Caribe,112.89142857142856
2011-11-01,Caribe,106.59142857142858
2011-12-01,Caribe,118.96285714285716
2012-01-01,Caribe,142.8942857142857
2012-02-01,Caribe,145.74
2012-03-01,Caribe,163.16285714285718
2012-04-01,Caribe,129.20857142857145
2012-05-01,Caribe,138.82285714285712
2012-06-01,Caribe,143.90857142857143
2012-07-01,Caribe,150.47142857142856
2012-08-01,Caribe,142.88285714285715
2012-09-01,Caribe,146.73142857142855
2012-10-01,Caribe,122.18857142857144
2012-11-01,Caribe,127.85714285714286
2012-12-01,Caribe,135.03142857142856
2013-01-01,Caribe,154.74
2013-02-01,Caribe,141.79142857142855
2013-03-01,Caribe,145.5314285714286
2013-04-01,Caribe,155.57428571428574
2013-05-01,Caribe,147.88285714285712
2013-06-01,Caribe,135.21714285714287
2013-07-01,Caribe,145.77999999999997
2013-08-01,Caribe,137.98285714285714
2013-09-01,Caribe,137.9942857142857
2013-10-01,Caribe,128.26857142857145
2013-11-01,Caribe,122.07714285714287
2013-12-01,Caribe,135.46285714285713
2014-01-01,Caribe,140.81714285714287
2014-02-01,Caribe,140.92857142857142
2014-03-01,Caribe,156.92285714285717
2014-04-01,Caribe,155.09428571428572
2014-05-01,Caribe,156.06571428571428
2014-06-01,Caribe,147.41428571428574
2014-07-01,Caribe,179.48000000000002
2014-08-01,Caribe,154.2857142857143
2014-09-01,Caribe,134.92857142857142
2014-10-01,Caribe,125.16
2014-11-01,Caribe,123.29714285714287
2014-12-01,Caribe,127.22285714285717
2015-01-01,Caribe,142.7057142857143
2015-02-01,Caribe,139.2885714285714
2015-03-01,Caribe,160.56285714285713
2015-04-01,Caribe,153.39714285714288
2015-05-01,Caribe,162.3714285714286
2015-06-01,Caribe,164.44857142857146
2015-07-01,Caribe,164.7742857142857
2015-08-01,Caribe,156.96571428571426
2015-09-01,Caribe,147.92857142857147
2015-10-01,Caribe,137.12571428571428
2015-11-01,Caribe,116.9
2015-12-01,Caribe,137.17142857142858
2016-01-01,Caribe,140.72000000000003
2016-02-01,Caribe,144.2485714285714
2016-03-01,Caribe,167.92857142857144
2016-04-01,Caribe,153.33428571428573
2016-05-01,Caribe,143.23142857142858
2016-06-01,Caribe,139.06571428571428
2016-07-01,Caribe,139.1542857142857
2016-08-01,Caribe,156.17142857142858
2016-09-01,Caribe,139.17142857142858
2016-10-01,Caribe,120.45142857142858
2016-11-01,Caribe,109.54571428571428
2016-12-01,Caribe,128.39714285714285
2017-01-01,Caribe,143.29142857142858
2017-02-01,Caribe,143.70285714285714
2017-03-01,Caribe,153.10857142857145
2017-04-01,Caribe,158.51142857142858
2017-05-01,Caribe,140.20285714285714
2017-06-01,Caribe,133.2942857142857
2017-07-01,Caribe,143.33714285714285
2017-08-01,Caribe,144.14285714285714
2017-09-01,Caribe,141.91428571428574
2017-10-01,Caribe,137.33142857142855
2017-11-01,Caribe,122.77428571428572
2017-12-01,Caribe,139.25428571428574
2018-01-01,Caribe,128.0142857142857
2018-02-01,Caribe,154.58
2018-03-01,Caribe,163.87714285714284
2018-04-01,Caribe,148.3542857142857
2018-05-01,Caribe,131.0057142857143
2018-06-01,Caribe,137.3285714285714
2018-07-01,Caribe,156.00000000000003
2018-08-01,Caribe,164.05714285714285
2018-09-01,Caribe,143.57714285714286
2018-10-01,Caribe,134.5257142857143
2018-11-01,Caribe,129.9714285714286
2018-12-01,Caribe,155.4142857142857
2019-01-01,Caribe,150.96857142857144
2019-02-01,Caribe,148.8914285714286
2019-03-01,Caribe,164.76285714285714
2019-04-01,Caribe,159.15428571428572
2019-05-01,Caribe,140.5857142857143
2019-06-01,Caribe,146.33714285714285
2019-07-01,Caribe,165.70000000000002
2019-08-01,Caribe,163.98857142857148
2019-09-01,Caribe,150.62571428571428
2019-10-01,Caribe,127.2257142857143
2019-11-01,Caribe,132.92000000000002
2019-12-01,Caribe,136.35714285714286
2020-01-01,Caribe,151.54
2020-02-01,Caribe,152.34857142857143
2020-03-01,Caribe,181.5342857142857
2020-04-01,Caribe,165.72857142857146
2020-05-01,Caribe,154.84857142857146
2020-06-01,Caribe,141.84857142857143
2020-07-01,Caribe,136.37999999999997
2020-08-01,Caribe,137.50571428571428
2020-09-01,Caribe,140.25428571428574
2020-10-01,Caribe,130.06857142857143
2020-11-01,Caribe,111.63428571428572
2020-12-01,Caribe,133.42857142857142
2021-01-01,Caribe,148.82857142857145
2021-02-01,Caribe,147.3285714285714
2021-03-01,Caribe,172.3285714285714
2021-04-01,Caribe,140.8171428571429
2021-05-01,Caribe,155.96857142857144
2021-06-01,Caribe,127.64285714285714
2021-07-01,Caribe,146.0314285714286
2021-08-01,Caribe,138.09428571428572
2021-09-01,Caribe,137.2771428571429
2021-10-01,Caribe,127.00857142857144
2021-11-01,Caribe,124.05714285714288
2021-12-01,Caribe,136.45714285714288
2022-01-01,Caribe,146.53428571428574
2022-02-01,Caribe,145.46285714285713
2022-03-01,Caribe,156.19714285714286
2022-04-01,Caribe,137.55142857142857
2022-05-01,Caribe,136.86
2022-06-01,Caribe,123.21428571428572
2022-07-01,Caribe,137.91142857142856
2022-08-01,Caribe,139.13714285714286
2022-09-01,Caribe,137.2942857142857
2022-10-01,Caribe,131.34285714285716
2022-11-01,Caribe,108.78000000000002
2022-12-01,Caribe,147.22000000000003
2023-01-01,Caribe,146.70857142857142
2023-02-01,Caribe,150.91714285714286
2023-03-01,Caribe,157.46857142857144
2023-04-01,Caribe,158.51428571428573
2023-05-01,Caribe,159.96571428571428
2023-06-01,Caribe,147.10571428571427
2023-07-01,Caribe,155.84285714285716
2023-08-01,Caribe,162.34285714285716
2023-09-01,Caribe,154.16
2023-10-01,Caribe,132.73142857142855
2023-11-01,Caribe,121.93142857142858
2023-12-01,Caribe,148.64
2024-01-01,Caribe,158.69428571428574
2024-02-01,Caribe,140.54857142857145
2024-03-01,Caribe,169.56571428571428
2024-04-01,Caribe,160.19142857142862
2024-05-01,Caribe,140.07428571428574
2024-06-01,Caribe,130.40857142857146
2024-07-01,Caribe,146.7714285714286
2024-08-01,Caribe,148.54285714285714
2024-09-01,Caribe,144.69142857142853
2024-10-01,Caribe,135.95714285714286
2024-11-01,Caribe,109.62
2024-12-01,Caribe,128.7057142857143
2025-01-01,Caribe,134.09999999999997
2025-02-01,Caribe,132.98285714285717
2025-03-01,Caribe,154.35142857142856
2025-04-01,Caribe,155.92000000000002
2025-05-01,Caribe,143.38285714285715
2025-06-01,Caribe,136.9742857142857
2025-07-01,Caribe,153.55428571428573
2025-08-01,Caribe,153.84
2025-09-01,Caribe,142.59714285714287
2025-10-01,Caribe,124.94857142857144
2025-11-01,Caribe,125.37714285714286
2025-12-01,Caribe,132.9257142857143
2026-01-01,Caribe,139.7213206293369
2026-02-01,Caribe,139.13354362836395
2026-03-01,Caribe,158.5720775210779
2026-04-01,Caribe,150.07212520657933
2026-05-01,Caribe,141.05033874173628
2026-06-01,Caribe,136.35530961651088
1981-01-01,Mallorquin,146.0076923076923
1981-02-01,Mallorquin,142.51538461538462
1981-03-01,Mallorquin,152.46153846153848
1981-04-01,Mallorquin,140.1153846153846
1981-05-01,Mallorquin,127.76923076923076
1981-06-01,Mallorquin,124.60769230769232
1981-07-01,Mallorquin,143.1846153846154
1981-08-01,Mallorquin,144.35384615384618
1981-09-01,Mallorquin,141.16153846153847
1981-10-01,Mallorquin,126.57692307692308
1981-11-01,Mallorquin,115.02307692307694
1981-12-01,Mallorquin,120.24615384615387
1982-01-01,Mallorquin,131.06153846153845
1982-02-01,Mallorquin,139.64615384615385
1982-03-01,Mallorquin,167.7076923076923
1982-04-01,Mallorquin,137.66923076923078
1982-05-01,Mallorquin,135.8153846153846
1982-06-01,Mallorquin,139.16153846153847
1982-07-01,Mallorquin,153.6769230769231
1982-08-01,Mallorquin,164.93846153846155
1982-09-01,Mallorquin,144.19230769230768
1982-10-01,Mallorquin,124.2
1982-11-01,Mallorquin,129.74615384615385
1982-12-01,Mallorquin,146.68461538461537
1983-01-01,Mallorquin,140.2
1983-02-01,Mallorquin,134.22307692307697
1983-03-01,Mallorquin,146.93076923076927
1983-04-01,Mallorquin,150.85384615384618
1983-05-01,Mallorquin,153.04615384615386
1983-06-01,Mallorquin,137.8615384615385
1983-07-01,Mallorquin,147.66153846153847
1983-08-01,Mallorquin,148.49230769230772
1983-09-01,Mallorquin,134.16923076923075
1983-10-01,Mallorquin,126.49230769230772
1983-11-01,Mallorquin,119.56153846153846
1983-12-01,Mallorquin,119.6
1984-01-01,Mallorquin,131.58461538461535
1984-02-01,Mallorquin,121.73846153846154
1984-03-01,Mallorquin,160.13846153846154
1984-04-01,Mallorquin,148.5846153846154
1984-05-01,Mallorquin,149.70769230769233
1984-06-01,Mallorquin,126.85384615384616
1984-07-01,Mallorquin,129.72307692307692
1984-08-01,Mallorquin,133.42307692307693
1984-09-01,Mallorquin,133.6076923076923
1984-10-01,Mallorquin,116.94615384615383
1984-11-01,Mallorquin,109.81538461538464
1984-12-01,Mallorquin,148.96153846153845
1985-01-01,Mallorquin,141.7153846153846
1985-02-01,Mallorquin,149.98461538461538
1985-03-01,Mallorquin,168.64615384615385
1985-04-01,Mallorquin,155.93846153846155
1985-05-01,Mallorquin,133.33846153846156
1985-06-01,Mallorquin,127.89230769230768
1985-07-01,Mallorquin,136.66923076923078
1985-08-01,Mallorquin,136.71538461538464
1985-09-01,Mallorquin,133.77692307692308
1985-10-01,Mallorquin,119.83076923076923
1985-11-01,Mallorquin,120.74615384615387
1985-12-01,Mallorquin,123.27692307692308
1986-01-01,Mallorquin,141.05384615384617
1986-02-01,Mallorquin,136.01538461538462
1986-03-01,Mallorquin,165.37692307692308
1986-04-01,Mallorquin,136.20000000000002
1986-05-01,Mallorquin,140.34615384615384
1986-06-01,Mallorquin,138.23076923076923
1986-07-01,Mallorquin,159.86923076923074
1986-08-01,Mallorquin,158.0846153846154
1986-09-01,Mallorquin,140.16923076923078
1986-10-01,Mallorquin,115.46923076923076
1986-11-01,Mallorquin,126.4153846153846
1986-12-01,Mallorquin,134.74615384615385
1987-01-01,Mallorquin,142.21538461538464
1987-02-01,Mallorquin,140.76153846153846
1987-03-01,Mallorquin,155.75384615384615
1987-04-01,Mallorquin,141.57692307692307
1987-05-01,Mallorquin,134.73076923076923
1987-06-01,Mallorquin,142.91538461538462
1987-07-01,Mallorquin,137.5769230769231
1987-08-01,Mallorquin,150.77692307692308
1987-09-01,Mallorquin,138.86153846153846
1987-10-01,Mallorquin,123.4076923076923
1987-11-01,Mallorquin,126.20769230769233
1987-12-01,Mallorquin,132.03076923076924
1988-01-01,Mallorquin,144.95384615384617
1988-02-01,Mallorquin,145.13076923076926
1988-03-01,Mallorquin,178.9769230769231
1988-04-01,Mallorquin,149.26923076923077
1988-05-01,Mallorquin,141.14615384615385
1988-06-01,Mallorquin,118.6230769230769
1988-07-01,Mallorquin,136.06153846153848
1988-08-01,Mallorquin,122.49230769230772
1988-09-01,Mallorquin,129.69230769230768
1988-10-01,Mallorquin,123.69999999999996
1988-11-01,Mallorquin,108.2846153846154
1988-12-01,Mallorquin,130.0153846153846
1989-01-01,Mallorquin,144.46923076923076
1989-02-01,Mallorquin,148.55384615384617
1989-03-01,Mallorquin,153.63076923076926
1989-04-01,Mallorquin,165.26153846153846
1989-05-01,Mallorquin,135.80769230769232
1989-06-01,Mallorquin,130.69230769230768
1989-07-01,Mallorquin,134.06923076923073
1989-08-01,Mallorquin,140.76153846153846
1989-09-01,Mallorquin,128.6307692307692
1989-10-01,Mallorquin,127.3846153846154
1989-11-01,Mallorquin,111.29230769230767
1989-12-01,Mallorquin,128.27692307692308
1990-01-01,Mallorquin,148.20769230769233
1990-02-01,Mallorquin,140.16923076923078
1990-03-01,Mallorquin,169.9538461538462
1990-04-01,Mallorquin,156.0076923076923
1990-05-01,Mallorquin,147.40769230769232
1990-06-01,Mallorquin,142.77692307692308
1990-07-01,Mallorquin,144.54615384615386
1990-08-01,Mallorquin,155.1615384615385
1990-09-01,Mallorquin,143.7384615384615
1990-10-01,Mallorquin,115.93076923076924
1990-11-01,Mallorquin,109.43076923076924
1990-12-01,Mallorquin,132.2846153846154
1991-01-01,Mallorquin,144.0076923076923
1991-02-01,Mallorquin,141.30769230769232
1991-03-01,Mallorquin,160.48461538461544
1991-04-01,Mallorquin,148.66923076923078
1991-05-01,Mallorquin,130.72307692307692
1991-06-01,Mallorquin,125.4
1991-07-01,Mallorquin,148.3615384615385
1991-08-01,Mallorquin,152.91538461538465
1991-09-01,Mallorquin,140.50000000000003
1991-10-01,Mallorquin,134.1846153846154
1991-11-01,Mallorquin,121.53076923076924
1991-12-01,Mallorquin,138.40000000000003
1992-01-01,Mallorquin,133.79999999999998
1992-02-01,Mallorquin,137.5615384615385
1992-03-01,Mallorquin,165.03076923076924
1992-04-01,Mallorquin,142.96153846153845
1992-05-01,Mallorquin,140.75384615384613
1992-06-01,Mallorquin,133.23846153846154
1992-07-01,Mallorquin,138.81538461538463
1992-08-01,Mallorquin,143.84615384615384
1992-09-01,Mallorquin,132.60000000000002
1992-10-01,Mallorquin,124.15384615384616
1992-11-01,Mallorquin,123.19230769230772
1992-12-01,Mallorquin,134.57692307692307
1993-01-01,Mallorquin,125.7692307692308
1993-02-01,Mallorquin,140.9692307692308
1993-03-01,Mallorquin,149.23846153846154
1993-04-01,Mallorquin,135.53846153846155
1993-05-01,Mallorquin,124.06153846153846
1993-06-01,Mallorquin,140.27692307692308
1993-07-01,Mallorquin,152.33846153846153
1993-08-01,Mallorquin,152.2923076923077
1993-09-01,Mallorquin,130.7769230769231
1993-10-01,Mallorquin,129.87692307692308
1993-11-01,Mallorquin,121.97692307692309
1993-12-01,Mallorquin,134.04615384615383
1994-01-01,Mallorquin,144.63076923076926
1994-02-01,Mallorquin,141.2
1994-03-01,Mallorquin,154.83846153846153
1994-04-01,Mallorquin,150.15384615384616
1994-05-01,Mallorquin,142.8
1994-06-01,Mallorquin,146.62307692307692
1994-07-01,Mallorquin,153.55384615384617
1994-08-01,Mallorquin,143.55384615384617
1994-09-01,Mallorquin,147.1076923076923
1994-10-01,Mallorquin,131.36153846153846
1994-11-01,Mallorquin,115.77692307692308
1994-12-01,Mallorquin,137.05384615384617
1995-01-01,Mallorquin,155.91538461538465
1995-02-01,Mallorquin,151.16923076923078
1995-03-01,Mallorquin,167.55384615384617
1995-04-01,Mallorquin,153.83846153846156
1995-05-01,Mallorquin,138.16153846153847
1995-06-01,Mallorquin,135.00000000000003
1995-07-01,Mallorquin,137.6076923076923
1995-08-01,Mallorquin,136.2846153846154
1995-09-01,Mallorquin,144.44615384615386
1995-10-01,Mallorquin,120.0076923076923
1995-11-01,Mallorquin,120.00769230769232
1995-12-01,Mallorquin,122.01538461538463
1996-01-01,Mallorquin,134.67692307692306
1996-02-01,Mallorquin,138.34615384615384
1996-03-01,Mallorquin,157.8923076923077
1996-04-01,Mallorquin,164.56153846153848
1996-05-01,Mallorquin,136.53846153846155
1996-06-01,Mallorquin,134.8923076923077
1996-07-01,Mallorquin,138.9923076923077
1996-08-01,Mallorquin,148.77692307692308
1996-09-01,Mallorquin,136.2923076923077
1996-10-01,Mallorquin,132.87692307692308
1996-11-01,Mallorquin,120.4
1996-12-01,Mallorquin,138.62307692307692
1997-01-01,Mallorquin,145.80769230769232
1997-02-01,Mallorquin,148.14615384615382
1997-03-01,Mallorquin,173.7923076923077
1997-04-01,Mallorquin,150.64615384615382
1997-05-01,Mallorquin,167.30769230769235
1997-06-01,Mallorquin,143.06153846153848
1997-07-01,Mallorquin,173.27692307692308
1997-08-01,Mallorquin,192.54615384615389
1997-09-01,Mallorquin,151.6153846153846
1997-10-01,Mallorquin,134.1769230769231
1997-11-01,Mallorquin,123.37692307692306
1997-12-01,Mallorquin,145.19230769230768
1998-01-01,Mallorquin,147.81538461538463
1998-02-01,Mallorquin,142.21538461538464
1998-03-01,Mallorquin,170.19230769230774
1998-04-01,Mallorquin,154.22307692307692
1998-05-01,Mallorquin,134.13846153846157
1998-06-01,Mallorquin,139.33846153846153
1998-07-01,Mallorquin,143.9692307692308
1998-08-01,Mallorquin,150.0076923076923
1998-09-01,Mallorquin,140.2153846153846
1998-10-01,Mallorquin,121.8
1998-11-01,Mallorquin,120.93076923076924
1998-12-01,Mallorquin,119.94615384615388
1999-01-01,Mallorquin,139.15384615384616
1999-02-01,Mallorquin,132.23076923076923
1999-03-01,Mallorquin,161.39230769230772
1999-04-01,Mallorquin,154.57692307692307
1999-05-01,Mallorquin,143.36153846153846
1999-06-01,Mallorquin,135.0846153846154
1999-07-01,Mallorquin,152.50769230769234
1999-08-01,Mallorquin,139.7846153846154
1999-09-01,Mallorquin,131.54615384615383
1999-10-01,Mallorquin,117.93076923076926
1999-11-01,Mallorquin,118.4
1999-12-01,Mallorquin,118.77692307692308
2000-01-01,Mallorquin,132.43076923076924
2000-02-01,Mallorquin,140.95384615384617
2000-03-01,Mallorquin,160.85384615384615
2000-04-01,Mallorquin,155.80769230769232
2000-05-01,Mallorquin,145.66153846153847
2000-06-01,Mallorquin,144.10769230769233
2000-07-01,Mallorquin,150.99230769230772
2000-08-01,Mallorquin,159.53076923076924
2000-09-01,Mallorquin,135.9153846153846
2000-10-01,Mallorquin,128.71538461538464
2000-11-01,Mallorquin,126.74615384615385
2000-12-01,Mallorquin,126.23076923076924
2001-01-01,Mallorquin,142.0923076923077
2001-02-01,Mallorquin,154.2846153846154
2001-03-01,Mallorquin,149.86153846153846
2001-04-01,Mallorquin,164.6307692307692
2001-05-01,Mallorquin,140.22307692307692
2001-06-01,Mallorquin,152.76923076923077
2001-07-01,Mallorquin,146.52307692307693
2001-08-01,Mallorquin,160.40769230769232
2001-09-01,Mallorquin,139.87692307692308
2001-10-01,Mallorquin,132.23076923076923
2001-11-01,Mallorquin,116.24615384615385
2001-12-01,Mallorquin,116.20769230769233
2002-01-01,Mallorquin,145.85384615384618
2002-02-01,Mallorquin,146.43846153846155
2002-03-01,Mallorquin,169.61538461538464
2002-04-01,Mallorquin,164.76153846153846
2002-05-01,Mallorquin,168.23846153846156
2002-06-01,Mallorquin,151.14615384615382
2002-07-01,Mallorquin,158.6153846153846
2002-08-01,Mallorquin,162.43076923076927
2002-09-01,Mallorquin,141.55384615384614
2002-10-01,Mallorquin,139.1076923076923
2002-11-01,Mallorquin,138.9923076923077
2002-12-01,Mallorquin,151.76923076923077
2003-01-01,Mallorquin,153.5769230769231
2003-02-01,Mallorquin,151.14615384615385
2003-03-01,Mallorquin,169.12307692307695
2003-04-01,Mallorquin,139.93846153846155
2003-05-01,Mallorquin,143.46153846153845
2003-06-01,Mallorquin,128.5307692307692
2003-07-01,Mallorquin,145.96153846153845
2003-08-01,Mallorquin,146.40769230769232
2003-09-01,Mallorquin,138.06923076923076
2003-10-01,Mallorquin,126.06153846153846
2003-11-01,Mallorquin,115.60769230769232
2003-12-01,Mallorquin,125.6923076923077
2004-01-01,Mallorquin,148.66923076923078
2004-02-01,Mallorquin,152.33076923076922
2004-03-01,Mallorquin,180.13076923076926
2004-04-01,Mallorquin,147.06923076923076
2004-05-01,Mallorquin,139.9923076923077
2004-06-01,Mallorquin,147.55384615384617
2004-07-01,Mallorquin,140.06923076923076
2004-08-01,Mallorquin,149.89999999999998
2004-09-01,Mallorquin,135.68461538461537
2004-10-01,Mallorquin,127.08461538461542
2004-11-01,Mallorquin,122.21538461538464
2004-12-01,Mallorquin,145.1615384615385
2005-01-01,Mallorquin,149.96153846153848
2005-02-01,Mallorquin,151.96153846153845
2005-03-01,Mallorquin,157.72307692307692
2005-04-01,Mallorquin,147.05384615384617
2005-05-01,Mallorquin,136.90769230769232
2005-06-01,Mallorquin,132.42307692307693
2005-07-01,Mallorquin,144.84615384615384
2005-08-01,Mallorquin,144.1923076923077
2005-09-01,Mallorquin,143.20000000000002
2005-10-01,Mallorquin,131.25384615384615
2005-11-01,Mallorquin,110.07692307692308
2005-12-01,Mallorquin,137.04615384615383
2006-01-01,Mallorquin,144.55384615384617
2006-02-01,Mallorquin,146.13076923076923
2006-03-01,Mallorquin,161.60000000000002
2006-04-01,Mallorquin,151.67692307692306
2006-05-01,Mallorquin,142.1692307692308
2006-06-01,Mallorquin,134.56153846153845
2006-07-01,Mallorquin,142.56153846153848
2006-08-01,Mallorquin,152.33846153846156
2006-09-01,Mallorquin,145.00769230769228
2006-10-01,Mallorquin,130.57692307692307
2006-11-01,Mallorquin,116.74615384615385
2006-12-01,Mallorquin,131.46153846153848
2007-01-01,Mallorquin,149.22307692307697
2007-02-01,Mallorquin,149.70769230769233
2007-03-01,Mallorquin,164.4692307692308
2007-04-01,Mallorquin,136.3846153846154
2007-05-01,Mallorquin,123.83846153846152
2007-06-01,Mallorquin,144.05384615384617
2007-07-01,Mallorquin,143.40769230769232
2007-08-01,Mallorquin,134.46153846153845
2007-09-01,Mallorquin,137.6
2007-10-01,Mallorquin,120.2846153846154
2007-11-01,Mallorquin,122.56923076923076
2007-12-01,Mallorquin,130.87692307692308
2008-01-01,Mallorquin,153.42307692307693
2008-02-01,Mallorquin,144.0923076923077
2008-03-01,Mallorquin,162.46923076923076
2008-04-01,Mallorquin,161.06153846153848
2008-05-01,Mallorquin,135.54615384615383
2008-06-01,Mallorquin,135.04615384615383
2008-07-01,Mallorquin,134.61538461538464
2008-08-01,Mallorquin,142.54615384615389
2008-09-01,Mallorquin,140.23076923076923
2008-10-01,Mallorquin,128.90769230769232
2008-11-01,Mallorquin,106.06153846153846
2008-12-01,Mallorquin,147.53846153846155
2009-01-01,Mallorquin,146.0
2009-02-01,Mallorquin,148.17692307692306
2009-03-01,Mallorquin,166.94615384615383
2009-04-01,Mallorquin,173.2923076923077
2009-05-01,Mallorquin,141.23846153846154
2009-06-01,Mallorquin,132.26153846153846
2009-07-01,Mallorquin,150.83076923076922
2009-08-01,Mallorquin,150.87692307692308
2009-09-01,Mallorquin,149.04615384615386
2009-10-01,Mallorquin,131.2923076923077
2009-11-01,Mallorquin,125.91538461538462
2009-12-01,Mallorquin,141.51538461538462
2010-01-01,Mallorquin,151.37692307692308
2010-02-01,Mallorquin,134.53846153846155
2010-03-01,Mallorquin,149.18461538461537
2010-04-01,Mallorquin,145.54615384615383
2010-05-01,Mallorquin,147.43076923076922
2010-06-01,Mallorquin,128.54615384615383
2010-07-01,Mallorquin,126.54615384615386
2010-08-01,Mallorquin,132.69230769230768
2010-09-01,Mallorquin,135.16153846153847
2010-10-01,Mallorquin,126.95384615384616
2010-11-01,Mallorquin,106.36923076923075
2010-12-01,Mallorquin,113.75384615384615
2011-01-01,Mallorquin,139.27692307692308
2011-02-01,Mallorquin,143.35384615384618
2011-03-01,Mallorquin,157.10000000000002
2011-04-01,Mallorquin,147.46153846153845
2011-05-01,Mallorquin,146.63846153846154
2011-06-01,Mallorquin,131.9692307692308
2011-07-01,Mallorquin,133.02307692307696
2011-08-01,Mallorquin,143.37692307692308
2011-09-01,Mallorquin,139.41538461538465
2011-10-01,Mallorquin,115.94615384615386
2011-11-01,Mallorquin,108.96923076923076
2011-12-01,Mallorquin,125.45384615384616
2012-01-01,Mallorquin,144.96923076923076
2012-02-01,Mallorquin,145.73846153846156
2012-03-01,Mallorquin,164.94615384615386
2012-04-01,Mallorquin,129.4846153846154
2012-05-01,Mallorquin,143.66153846153847
2012-06-01,Mallorquin,148.40000000000003
2012-07-01,Mallorquin,157.8384615384616
2012-08-01,Mallorquin,148.16153846153844
2012-09-01,Mallorquin,152.3923076923077
2012-10-01,Mallorquin,126.3153846153846
2012-11-01,Mallorquin,133.23076923076923
2012-12-01,Mallorquin,141.2615384615385
2013-01-01,Mallorquin,157.0769230769231
2013-02-01,Mallorquin,144.5230769230769
2013-03-01,Mallorquin,151.45384615384617
2013-04-01,Mallorquin,161.73076923076923
2013-05-01,Mallorquin,151.16923076923078
2013-06-01,Mallorquin,139.19230769230768
2013-07-01,Mallorquin,154.26153846153846
2013-08-01,Mallorquin,144.16923076923078
2013-09-01,Mallorquin,141.7769230769231
2013-10-01,Mallorquin,131.7615384615385
2013-11-01,Mallorquin,127.4076923076923
2013-12-01,Mallorquin,143.15384615384616
2014-01-01,Mallorquin,146.56923076923078
2014-02-01,Mallorquin,144.2846153846154
2014-03-01,Mallorquin,158.6538461538462
2014-04-01,Mallorquin,157.23846153846154
2014-05-01,Mallorquin,162.54615384615383
2014-06-01,Mallorquin,153.91538461538465
2014-07-01,Mallorquin,185.5692307692308
2014-08-01,Mallorquin,160.0307692307692
2014-09-01,Mallorquin,140.6923076923077
2014-10-01,Mallorquin,129.00000000000003
2014-11-01,Mallorquin,127.53076923076924
2014-12-01,Mallorquin,133.16153846153844
2015-01-01,Mallorquin,147.93076923076922
2015-02-01,Mallorquin,141.72307692307697
2015-03-01,Mallorquin,165.43076923076922
2015-04-01,Mallorquin,158.6846153846154
2015-05-01,Mallorquin,168.0923076923077
2015-06-01,Mallorquin,165.81538461538463
2015-07-01,Mallorquin,169.2230769230769
2015-08-01,Mallorquin,161.83076923076925
2015-09-01,Mallorquin,153.55384615384617
2015-10-01,Mallorquin,140.90000000000003
2015-11-01,Mallorquin,120.4846153846154
2015-12-01,Mallorquin,143.15384615384616
2016-01-01,Mallorquin,143.2384615384615
2016-02-01,Mallorquin,147.5846153846154
2016-03-01,Mallorquin,170.03076923076924
2016-04-01,Mallorquin,153.66923076923078
2016-05-01,Mallorquin,147.6230769230769
2016-06-01,Mallorquin,144.47692307692307
2016-07-01,Mallorquin,145.56153846153848
2016-08-01,Mallorquin,161.75384615384615
2016-09-01,Mallorquin,143.37692307692308
2016-10-01,Mallorquin,124.36923076923075
2016-11-01,Mallorquin,112.35384615384616
2016-12-01,Mallorquin,134.63076923076923
2017-01-01,Mallorquin,144.99999999999997
2017-02-01,Mallorquin,143.85384615384615
2017-03-01,Mallorquin,155.3615384615385
2017-04-01,Mallorquin,161.13846153846154
2017-05-01,Mallorquin,144.46153846153848
2017-06-01,Mallorquin,138.73846153846156
2017-07-01,Mallorquin,149.34615384615384
2017-08-01,Mallorquin,150.06153846153848
2017-09-01,Mallorquin,148.74615384615385
2017-10-01,Mallorquin,142.9
2017-11-01,Mallorquin,127.7846153846154
2017-12-01,Mallorquin,146.06153846153845
2018-01-01,Mallorquin,133.55384615384617
2018-02-01,Mallorquin,155.90769230769232
2018-03-01,Mallorquin,164.7769230769231
2018-04-01,Mallorquin,150.86153846153846
2018-05-01,Mallorquin,134.85384615384618
2018-06-01,Mallorquin,145.6769230769231
2018-07-01,Mallorquin,158.6153846153846
2018-08-01,Mallorquin,166.19230769230768
2018-09-01,Mallorquin,148.4153846153846
2018-10-01,Mallorquin,139.0307692307692
2018-11-01,Mallorquin,135.0769230769231
2018-12-01,Mallorquin,155.83076923076925
2019-01-01,Mallorquin,148.42307692307693
2019-02-01,Mallorquin,147.6076923076923
2019-03-01,Mallorquin,162.75384615384615
2019-04-01,Mallorquin,160.49230769230766
2019-05-01,Mallorquin,142.46153846153845
2019-06-01,Mallorquin,149.17692307692312
2019-07-01,Mallorquin,163.1153846153846
2019-08-01,Mallorquin,162.8769230769231
2019-09-01,Mallorquin,152.40769230769232
2019-10-01,Mallorquin,132.00769230769234
2019-11-01,Mallorquin,137.64615384615382
2019-12-01,Mallorquin,137.6230769230769
2020-01-01,Mallorquin,148.8
2020-02-01,Mallorquin,149.37692307692305
2020-03-01,Mallorquin,176.5923076923077
2020-04-01,Mallorquin,164.50769230769234
2020-05-01,Mallorquin,156.2692307692308
2020-06-01,Mallorquin,147.09230769230768
2020-07-01,Mallorquin,141.12307692307695
2020-08-01,Mallorquin,144.81538461538463
2020-09-01,Mallorquin,146.01538461538462
2020-10-01,Mallorquin,135.86153846153846
2020-11-01,Mallorquin,116.77692307692308
2020-12-01,Mallorquin,138.3923076923077
2021-01-01,Mallorquin,150.46153846153848
2021-02-01,Mallorquin,148.79230769230773
2021-03-01,Mallorquin,172.1307692307692
2021-04-01,Mallorquin,143.67692307692306
2021-05-01,Mallorquin,161.0
2021-06-01,Mallorquin,132.64615384615388
2021-07-01,Mallorquin,152.22307692307692
2021-08-01,Mallorquin,143.73076923076923
2021-09-01,Mallorquin,143.00000000000003
2021-10-01,Mallorquin,131.32307692307694
2021-11-01,Mallorquin,130.91538461538465
2021-12-01,Mallorquin,143.86923076923074
2022-01-01,Mallorquin,149.24615384615385
2022-02-01,Mallorquin,149.57692307692307
2022-03-01,Mallorquin,162.4846153846154
2022-04-01,Mallorquin,144.56153846153845
2022-05-01,Mallorquin,141.38461538461542
2022-06-01,Mallorquin,127.11538461538464
2022-07-01,Mallorquin,144.8153846153846
2022-08-01,Mallorquin,144.73076923076923
2022-09-01,Mallorquin,141.82307692307694
2022-10-01,Mallorquin,134.71538461538464
2022-11-01,Mallorquin,114.34615384615388
2022-12-01,Mallorquin,151.8692307692308
2023-01-01,Mallorquin,147.94615384615383
2023-02-01,Mallorquin,152.14615384615385
2023-03-01,Mallorquin,160.57692307692307
2023-04-01,Mallorquin,158.84615384615384
2023-05-01,Mallorquin,160.6615384615385
2023-06-01,Mallorquin,151.0
2023-07-01,Mallorquin,159.26923076923077
2023-08-01,Mallorquin,163.5
2023-09-01,Mallorquin,160.6769230769231
2023-10-01,Mallorquin,136.91538461538462
2023-11-01,Mallorquin,125.3
2023-12-01,Mallorquin,150.80769230769232
2024-01-01,Mallorquin,158.30769230769235
2024-02-01,Mallorquin,140.12307692307692
2024-03-01,Mallorquin,168.52307692307693
2024-04-01,Mallorquin,159.56153846153848
2024-05-01,Mallorquin,143.3846153846154
2024-06-01,Mallorquin,130.7846153846154
2024-07-01,Mallorquin,151.34615384615384
2024-08-01,Mallorquin,153.62307692307692
2024-09-01,Mallorquin,147.22307692307692
2024-10-01,Mallorquin,141.56153846153848
2024-11-01,Mallorquin,110.06153846153846
2024-12-01,Mallorquin,134.91538461538462
2025-01-01,Mallorquin,142.56153846153845
2025-02-01,Mallorquin,139.76923076923077
2025-03-01,Mallorquin,160.18461538461537
2025-04-01,Mallorquin,160.24615384615387
2025-05-01,Mallorquin,149.0769230769231
2025-06-01,Mallorquin,144.6076923076923
2025-07-01,Mallorquin,160.87692307692308
2025-08-01,Mallorquin,160.9846153846154
2025-09-01,Mallorquin,148.4
2025-10-01,Mallorquin,129.8
2025-11-01,Mallorquin,132.4692307692308
2025-12-01,Mallorquin,141.3923076923077
2026-01-01,Mallorquin,143.2217321108422
2026-02-01,Mallorquin,142.15000460540352
2026-03-01,Mallorquin,161.31640796701916
2026-04-01,Mallorquin,153.00443288474108
2026-05-01,Mallorquin,145.28887644913223
2026-06-01,Mallorquin,140.89441619034963
1981-01-01,Rio Magdalena,152.27307692307693
1981-02-01,Rio Magdalena,144.62692307692308
1981-03-01,Rio Magdalena,150.28269230769232
1981-04-01,Rio Magdalena,140.33846153846153
1981-05-01,Rio Magdalena,127.83653846153848
1981-06-01,Rio Magdalena,123.24038461538464
1981-07-01,Rio Magdalena,139.94615384615386
1981-08-01,Rio Magdalena,141.61153846153846
1981-09-01,Rio Magdalena,138.70576923076925
1981-10-01,Rio Magdalena,124.71346153846154
1981-11-01,Rio Magdalena,115.2192307692308
1981-12-01,Rio Magdalena,119.34230769230771
1982-01-01,Rio Magdalena,130.1596153846154
1982-02-01,Rio Magdalena,135.46346153846156
1982-03-01,Rio Magdalena,167.71346153846156
1982-04-01,Rio Magdalena,133.15576923076927
1982-05-01,Rio Magdalena,136.7365384615385
1982-06-01,Rio Magdalena,136.2192307692308
1982-07-01,Rio Magdalena,151.35384615384615
1982-08-01,Rio Magdalena,161.53269230769232
1982-09-01,Rio Magdalena,142.67884615384617
1982-10-01,Rio Magdalena,121.80769230769232
1982-11-01,Rio Magdalena,127.06153846153848
1982-12-01,Rio Magdalena,149.94423076923078
1983-01-01,Rio Magdalena,148.07307692307694
1983-02-01,Rio Magdalena,141.92307692307693
1983-03-01,Rio Magdalena,149.89807692307693
1983-04-01,Rio Magdalena,153.9653846153846
1983-05-01,Rio Magdalena,152.16346153846155
1983-06-01,Rio Magdalena,135.4346153846154
1983-07-01,Rio Magdalena,145.5173076923077
1983-08-01,Rio Magdalena,146.5019230769231
1983-09-01,Rio Magdalena,134.25192307692308
1983-10-01,Rio Magdalena,124.19230769230772
1983-11-01,Rio Magdalena,117.6019230769231
1983-12-01,Rio Magdalena,116.64038461538463
1984-01-01,Rio Magdalena,130.8019230769231
1984-02-01,Rio Magdalena,118.81923076923076
1984-03-01,Rio Magdalena,156.6596153846154
1984-04-01,Rio Magdalena,146.29999999999998
1984-05-01,Rio Magdalena,142.84615384615384
1984-06-01,Rio Magdalena,122.67500000000004
1984-07-01,Rio Magdalena,125.575
1984-08-01,Rio Magdalena,130.0
1984-09-01,Rio Magdalena,131.08653846153848
1984-10-01,Rio Magdalena,114.90576923076922
1984-11-01,Rio Magdalena,109.30384615384614
1984-12-01,Rio Magdalena,144.07500000000002
1985-01-01,Rio Magdalena,147.83076923076922
1985-02-01,Rio Magdalena,153.3153846153846
1985-03-01,Rio Magdalena,172.25769230769234
1985-04-01,Rio Magdalena,154.78846153846152
1985-05-01,Rio Magdalena,132.03846153846155
1985-06-01,Rio Magdalena,123.59807692307692
1985-07-01,Rio Magdalena,136.31346153846155
1985-08-01,Rio Magdalena,134.29807692307693
1985-09-01,Rio Magdalena,129.95576923076925
1985-10-01,Rio Magdalena,116.65
1985-11-01,Rio Magdalena,115.80000000000004
1985-12-01,Rio Magdalena,119.6403846153846
1986-01-01,Rio Magdalena,142.91153846153847
1986-02-01,Rio Magdalena,134.97307692307697
1986-03-01,Rio Magdalena,165.2269230769231
1986-04-01,Rio Magdalena,132.3846153846154
1986-05-01,Rio Magdalena,139.82500000000002
1986-06-01,Rio Magdalena,133.24807692307692
1986-07-01,Rio Magdalena,156.55
1986-08-01,Rio Magdalena,153.3923076923077
1986-09-01,Rio Magdalena,136.0173076923077
1986-10-01,Rio Magdalena,112.16153846153848
1986-11-01,Rio Magdalena,121.32884615384616
1986-12-01,Rio Magdalena,134.04615384615383
1987-01-01,Rio Magdalena,144.80384615384617
1987-02-01,Rio Magdalena,145.41923076923078
1987-03-01,Rio Magdalena,157.45000000000002
1987-04-01,Rio Magdalena,145.11538461538464
1987-05-01,Rio Magdalena,132.0903846153846
1987-06-01,Rio Magdalena,139.78653846153847
1987-07-01,Rio Magdalena,134.04423076923078
1987-08-01,Rio Magdalena,146.50576923076923
1987-09-01,Rio Magdalena,134.7673076923077
1987-10-01,Rio Magdalena,120.67307692307692
1987-11-01,Rio Magdalena,123.40000000000002
1987-12-01,Rio Magdalena,131.1153846153846
1988-01-01,Rio Magdalena,150.22115384615384
1988-02-01,Rio Magdalena,149.49999999999997
1988-03-01,Rio Magdalena,188.8384615384615
1988-04-01,Rio Magdalena,149.65384615384616
1988-05-01,Rio Magdalena,141.11730769230772
1988-06-01,Rio Magdalena,117.45576923076923
1988-07-01,Rio Magdalena,132.07115384615383
1988-08-01,Rio Magdalena,119.4
1988-09-01,Rio Magdalena,126.21730769230771
1988-10-01,Rio Magdalena,119.93653846153846
1988-11-01,Rio Magdalena,107.70384615384614
1988-12-01,Rio Magdalena,123.48846153846154
1989-01-01,Rio Magdalena,142.7807692307692
1989-02-01,Rio Magdalena,154.21346153846156
1989-03-01,Rio Magdalena,150.8692307692308
1989-04-01,Rio Magdalena,168.81730769230768
1989-05-01,Rio Magdalena,132.83269230769233
1989-06-01,Rio Magdalena,124.64423076923076
1989-07-01,Rio Magdalena,131.0423076923077
1989-08-01,Rio Magdalena,138.7923076923077
1989-09-01,Rio Magdalena,125.14807692307694
1989-10-01,Rio Magdalena,123.58846153846154
1989-11-01,Rio Magdalena,109.06346153846154
1989-12-01,Rio Magdalena,126.5346153846154
1990-01-01,Rio Magdalena,146.15192307692308
1990-02-01,Rio Magdalena,138.64423076923077
1990-03-01,Rio Magdalena,173.11923076923074
1990-04-01,Rio Magdalena,157.62692307692308
1990-05-01,Rio Magdalena,144.87115384615387
1990-06-01,Rio Magdalena,137.69230769230774
1990-07-01,Rio Magdalena,142.75192307692308
1990-08-01,Rio Magdalena,152.03269230769232
1990-09-01,Rio Magdalena,142.0346153846154
1990-10-01,Rio Magdalena,115.26538461538463
1990-11-01,Rio Magdalena,106.36923076923075
1990-12-01,Rio Magdalena,127.92307692307692
1991-01-01,Rio Magdalena,143.55961538461537
1991-02-01,Rio Magdalena,147.20576923076925
1991-03-01,Rio Magdalena,162.8615384615385
1991-04-01,Rio Magdalena,147.04807692307693
1991-05-01,Rio Magdalena,126.85192307692306
1991-06-01,Rio Magdalena,121.5673076923077
1991-07-01,Rio Magdalena,144.35384615384618
1991-08-01,Rio Magdalena,149.7673076923077
1991-09-01,Rio Magdalena,137.47115384615384
1991-10-01,Rio Magdalena,132.51346153846154
1991-11-01,Rio Magdalena,117.57115384615388
1991-12-01,Rio Magdalena,136.62115384615385
1992-01-01,Rio Magdalena,138.27692307692308
1992-02-01,Rio Magdalena,140.4576923076923
1992-03-01,Rio Magdalena,171.28269230769232
1992-04-01,Rio Magdalena,145.25769230769234
1992-05-01,Rio Magdalena,138.02692307692303
1992-06-01,Rio Magdalena,131.79230769230767
1992-07-01,Rio Magdalena,134.68076923076924
1992-08-01,Rio Magdalena,140.98076923076923
1992-09-01,Rio Magdalena,129.27692307692308
1992-10-01,Rio Magdalena,121.92884615384618
1992-11-01,Rio Magdalena,120.88653846153844
1992-12-01,Rio Magdalena,134.37884615384615
1993-01-01,Rio Magdalena,129.26538461538465
1993-02-01,Rio Magdalena,143.68653846153848
1993-03-01,Rio Magdalena,148.58653846153848
1993-04-01,Rio Magdalena,134.16346153846155
1993-05-01,Rio Magdalena,123.22115384615384
1993-06-01,Rio Magdalena,133.84423076923082
1993-07-01,Rio Magdalena,147.65384615384616
1993-08-01,Rio Magdalena,150.86346153846154
1993-09-01,Rio Magdalena,127.225
1993-10-01,Rio Magdalena,128.70000000000002
1993-11-01,Rio Magdalena,119.67692307692307
1993-12-01,Rio Magdalena,132.4846153846154
1994-01-01,Rio Magdalena,148.775
1994-02-01,Rio Magdalena,143.4673076923077
1994-03-01,Rio Magdalena,151.56923076923078
1994-04-01,Rio Magdalena,147.86538461538464
1994-05-01,Rio Magdalena,142.725
1994-06-01,Rio Magdalena,142.09615384615387
1994-07-01,Rio Magdalena,149.89807692307693
1994-08-01,Rio Magdalena,141.9076923076923
1994-09-01,Rio Magdalena,143.6423076923077
1994-10-01,Rio Magdalena,129.0076923076923
1994-11-01,Rio Magdalena,114.73461538461537
1994-12-01,Rio Magdalena,139.47884615384615
1995-01-01,Rio Magdalena,163.08653846153845
1995-02-01,Rio Magdalena,159.9096153846154
1995-03-01,Rio Magdalena,172.8
1995-04-01,Rio Magdalena,153.87500000000003
1995-05-01,Rio Magdalena,136.58076923076922
1995-06-01,Rio Magdalena,132.83653846153845
1995-07-01,Rio Magdalena,136.83076923076925
1995-08-01,Rio Magdalena,133.5076923076923
1995-09-01,Rio Magdalena,139.48076923076923
1995-10-01,Rio Magdalena,116.67307692307692
1995-11-01,Rio Magdalena,116.2365384615385
1995-12-01,Rio Magdalena,119.0653846153846
1996-01-01,Rio Magdalena,132.87692307692308
1996-02-01,Rio Magdalena,137.33846153846156
1996-03-01,Rio Magdalena,156.80384615384617
1996-04-01,Rio Magdalena,159.9826923076923
1996-05-01,Rio Magdalena,132.18653846153845
1996-06-01,Rio Magdalena,131.41153846153847
1996-07-01,Rio Magdalena,135.72115384615384
1996-08-01,Rio Magdalena,147.11538461538464
1996-09-01,Rio Magdalena,133.63076923076926
1996-10-01,Rio Magdalena,129.13653846153846
1996-11-01,Rio Magdalena,116.9173076923077
1996-12-01,Rio Magdalena,137.3442307692308
1997-01-01,Rio Magdalena,150.74038461538464
1997-02-01,Rio Magdalena,147.27307692307693
1997-03-01,Rio Magdalena,180.4403846153846
1997-04-01,Rio Magdalena,154.44423076923078
1997-05-01,Rio Magdalena,168.8576923076923
1997-06-01,Rio Magdalena,139.8
1997-07-01,Rio Magdalena,174.58846153846156
1997-08-01,Rio Magdalena,192.6096153846154
1997-09-01,Rio Magdalena,150.50192307692308
1997-10-01,Rio Magdalena,132.81153846153848
1997-11-01,Rio Magdalena,122.64807692307694
1997-12-01,Rio Magdalena,151.5365384615385
1998-01-01,Rio Magdalena,161.38076923076926
1998-02-01,Rio Magdalena,150.50961538461542
1998-03-01,Rio Magdalena,181.9076923076923
1998-04-01,Rio Magdalena,153.9096153846154
1998-05-01,Rio Magdalena,134.41923076923078
1998-06-01,Rio Magdalena,134.68076923076924
1998-07-01,Rio Magdalena,140.53653846153844
1998-08-01,Rio Magdalena,149.5826923076923
1998-09-01,Rio Magdalena,137.00576923076923
1998-10-01,Rio Magdalena,120.12692307692308
1998-11-01,Rio Magdalena,117.8846153846154
1998-12-01,Rio Magdalena,117.45192307692308
1999-01-01,Rio Magdalena,140.04615384615386
1999-02-01,Rio Magdalena,133.00192307692308
1999-03-01,Rio Magdalena,160.37692307692308
1999-04-01,Rio Magdalena,154.61153846153846
1999-05-01,Rio Magdalena,141.05192307692306
1999-06-01,Rio Magdalena,132.34615384615387
1999-07-01,Rio Magdalena,148.84807692307692
1999-08-01,Rio Magdalena,137.2769230769231
1999-09-01,Rio Magdalena,127.79999999999998
1999-10-01,Rio Magdalena,114.89807692307694
1999-11-01,Rio Magdalena,114.36153846153846
1999-12-01,Rio Magdalena,111.05192307692306
2000-01-01,Rio Magdalena,127.2596153846154
2000-02-01,Rio Magdalena,138.2673076923077
2000-03-01,Rio Magdalena,160.77692307692308
2000-04-01,Rio Magdalena,152.90769230769234
2000-05-01,Rio Magdalena,140.2019230769231
2000-06-01,Rio Magdalena,138.225
2000-07-01,Rio Magdalena,147.18269230769235
2000-08-01,Rio Magdalena,155.62692307692308
2000-09-01,Rio Magdalena,132.2423076923077
2000-10-01,Rio Magdalena,124.49807692307697
2000-11-01,Rio Magdalena,121.9596153846154
2000-12-01,Rio Magdalena,124.23846153846156
2001-01-01,Rio Magdalena,141.63076923076926
2001-02-01,Rio Magdalena,154.74230769230772
2001-03-01,Rio Magdalena,143.92307692307693
2001-04-01,Rio Magdalena,161.24615384615387
2001-05-01,Rio Magdalena,139.7576923076923
2001-06-01,Rio Magdalena,147.87884615384615
2001-07-01,Rio Magdalena,145.68076923076922
2001-08-01,Rio Magdalena,157.51153846153846
2001-09-01,Rio Magdalena,137.6173076923077
2001-10-01,Rio Magdalena,129.34230769230768
2001-11-01,Rio Magdalena,113.45384615384614
2001-12-01,Rio Magdalena,115.52884615384616
2002-01-01,Rio Magdalena,148.12115384615387
2002-02-01,Rio Magdalena,151.32884615384611
2002-03-01,Rio Magdalena,175.30961538461543
2002-04-01,Rio Magdalena,164.43653846153845
2002-05-01,Rio Magdalena,168.37500000000003
2002-06-01,Rio Magdalena,146.0173076923077
2002-07-01,Rio Magdalena,156.2519230769231
2002-08-01,Rio Magdalena,161.51730769230772
2002-09-01,Rio Magdalena,140.325
2002-10-01,Rio Magdalena,136.45576923076922
2002-11-01,Rio Magdalena,138.7846153846154
2002-12-01,Rio Magdalena,156.18269230769232
2003-01-01,Rio Magdalena,166.075
2003-02-01,Rio Magdalena,158.37115384615385
2003-03-01,Rio Magdalena,174.68269230769232
2003-04-01,Rio Magdalena,142.44423076923078
2003-05-01,Rio Magdalena,142.56346153846152
2003-06-01,Rio Magdalena,126.80192307692307
2003-07-01,Rio Magdalena,144.21346153846156
2003-08-01,Rio Magdalena,146.92115384615386
2003-09-01,Rio Magdalena,137.2346153846154
2003-10-01,Rio Magdalena,124.1019230769231
2003-11-01,Rio Magdalena,114.39230769230768
2003-12-01,Rio Magdalena,121.35192307692309
2004-01-01,Rio Magdalena,153.7442307692308
2004-02-01,Rio Magdalena,158.1480769230769
2004-03-01,Rio Magdalena,191.1884615384615
2004-04-01,Rio Magdalena,145.95576923076922
2004-05-01,Rio Magdalena,135.4596153846154
2004-06-01,Rio Magdalena,141.65192307692308
2004-07-01,Rio Magdalena,139.1923076923077
2004-08-01,Rio Magdalena,149.17500000000004
2004-09-01,Rio Magdalena,132.6
2004-10-01,Rio Magdalena,125.85
2004-11-01,Rio Magdalena,118.31153846153848
2004-12-01,Rio Magdalena,144.84038461538464
2005-01-01,Rio Magdalena,157.9346153846154
2005-02-01,Rio Magdalena,161.10384615384618
2005-03-01,Rio Magdalena,158.8903846153846
2005-04-01,Rio Magdalena,148.29615384615386
2005-05-01,Rio Magdalena,136.96153846153842
2005-06-01,Rio Magdalena,131.66346153846155
2005-07-01,Rio Magdalena,142.51346153846157
2005-08-01,Rio Magdalena,141.6326923076923
2005-09-01,Rio Magdalena,140.22692307692307
2005-10-01,Rio Magdalena,129.42307692307693
2005-11-01,Rio Magdalena,107.47115384615384
2005-12-01,Rio Magdalena,132.61346153846154
2006-01-01,Rio Magdalena,145.86346153846154
2006-02-01,Rio Magdalena,152.06538461538463
2006-03-01,Rio Magdalena,163.26346153846154
2006-04-01,Rio Magdalena,150.16153846153844
2006-05-01,Rio Magdalena,138.52692307692308
2006-06-01,Rio Magdalena,131.5230769230769
2006-07-01,Rio Magdalena,139.65384615384616
2006-08-01,Rio Magdalena,150.95000000000002
2006-09-01,Rio Magdalena,143.67307692307693
2006-10-01,Rio Magdalena,128.20576923076925
2006-11-01,Rio Magdalena,115.43461538461544
2006-12-01,Rio Magdalena,128.8365384615385
2007-01-01,Rio Magdalena,157.24038461538464
2007-02-01,Rio Magdalena,159.3519230769231
2007-03-01,Rio Magdalena,168.57115384615386
2007-04-01,Rio Magdalena,136.86538461538464
2007-05-01,Rio Magdalena,124.14038461538462
2007-06-01,Rio Magdalena,139.69038461538463
2007-07-01,Rio Magdalena,142.41730769230773
2007-08-01,Rio Magdalena,132.91346153846158
2007-09-01,Rio Magdalena,133.44807692307694
2007-10-01,Rio Magdalena,117.47115384615384
2007-11-01,Rio Magdalena,117.29999999999998
2007-12-01,Rio Magdalena,126.54999999999998
2008-01-01,Rio Magdalena,158.32115384615383
2008-02-01,Rio Magdalena,146.8576923076923
2008-03-01,Rio Magdalena,165.5596153846154
2008-04-01,Rio Magdalena,160.90384615384616
2008-05-01,Rio Magdalena,131.9096153846154
2008-06-01,Rio Magdalena,130.04615384615383
2008-07-01,Rio Magdalena,130.69423076923078
2008-08-01,Rio Magdalena,139.0076923076923
2008-09-01,Rio Magdalena,135.17307692307693
2008-10-01,Rio Magdalena,125.01153846153844
2008-11-01,Rio Magdalena,104.80384615384617
2008-12-01,Rio Magdalena,142.77692307692308
2009-01-01,Rio Magdalena,153.9846153846154
2009-02-01,Rio Magdalena,155.71346153846156
2009-03-01,Rio Magdalena,171.60576923076923
2009-04-01,Rio Magdalena,176.5903846153846
2009-05-01,Rio Magdalena,140.0057692307692
2009-06-01,Rio Magdalena,130.44423076923078
2009-07-01,Rio Magdalena,146.06346153846155
2009-08-01,Rio Magdalena,147.47115384615384
2009-09-01,Rio Magdalena,146.81153846153848
2009-10-01,Rio Magdalena,129.2346153846154
2009-11-01,Rio Magdalena,124.3442307692308
2009-12-01,Rio Magdalena,147.2557692307692
2010-01-01,Rio Magdalena,162.7134615384615
2010-02-01,Rio Magdalena,143.8326923076923
2010-03-01,Rio Magdalena,150.09807692307692
2010-04-01,Rio Magdalena,147.675
2010-05-01,Rio Magdalena,144.67307692307693
2010-06-01,Rio Magdalena,125.66538461538462
2010-07-01,Rio Magdalena,125.2442307692308
2010-08-01,Rio Magdalena,130.37692307692308
2010-09-01,Rio Magdalena,131.7923076923077
2010-10-01,Rio Magdalena,125.07499999999996
2010-11-01,Rio Magdalena,104.51538461538462
2010-12-01,Rio Magdalena,111.31538461538464
2011-01-01,Rio Magdalena,138.8442307692308
2011-02-01,Rio Magdalena,146.24615384615385
2011-03-01,Rio Magdalena,155.6846153846154
2011-04-01,Rio Magdalena,141.3596153846154
2011-05-01,Rio Magdalena,145.69423076923078
2011-06-01,Rio Magdalena,129.7576923076923
2011-07-01,Rio Magdalena,131.25
2011-08-01,Rio Magdalena,140.07884615384614
2011-09-01,Rio Magdalena,135.67307692307693
2011-10-01,Rio Magdalena,112.1442307692308
2011-11-01,Rio Magdalena,107.90769230769232
2011-12-01,Rio Magdalena,121.77884615384616
2012-01-01,Rio Magdalena,147.88461538461536
2012-02-01,Rio Magdalena,152.62692307692308
2012-03-01,Rio Magdalena,168.8096153846154
2012-04-01,Rio Magdalena,128.56346153846155
2012-05-01,Rio Magdalena,143.27307692307693
2012-06-01,Rio Magdalena,146.68076923076924
2012-07-01,Rio Magdalena,155.15576923076924
2012-08-01,Rio Magdalena,146.675
2012-09-01,Rio Magdalena,149.38461538461542
2012-10-01,Rio Magdalena,124.82884615384616
2012-11-01,Rio Magdalena,130.28269230769234
2012-12-01,Rio Magdalena,141.57500000000002
2013-01-01,Rio Magdalena,168.14230769230772
2013-02-01,Rio Magdalena,149.94807692307694
2013-03-01,Rio Magdalena,152.06730769230768
2013-04-01,Rio Magdalena,161.925
2013-05-01,Rio Magdalena,152.3096153846154
2013-06-01,Rio Magdalena,137.1096153846154
2013-07-01,Rio Magdalena,152.9096153846154
2013-08-01,Rio Magdalena,141.9173076923077
2013-09-01,Rio Magdalena,139.72500000000002
2013-10-01,Rio Magdalena,130.46153846153845
2013-11-01,Rio Magdalena,122.76153846153844
2013-12-01,Rio Magdalena,141.64423076923077
2014-01-01,Rio Magdalena,151.13461538461542
2014-02-01,Rio Magdalena,150.12115384615382
2014-03-01,Rio Magdalena,161.96730769230768
2014-04-01,Rio Magdalena,163.02884615384616
2014-05-01,Rio Magdalena,160.95
2014-06-01,Rio Magdalena,152.93076923076924
2014-07-01,Rio Magdalena,184.43269230769232
2014-08-01,Rio Magdalena,159.78846153846155
2014-09-01,Rio Magdalena,138.9769230769231
2014-10-01,Rio Magdalena,127.29423076923077
2014-11-01,Rio Magdalena,123.92115384615384
2014-12-01,Rio Magdalena,132.67115384615383
2015-01-01,Rio Magdalena,153.7576923076923
2015-02-01,Rio Magdalena,147.13653846153846
2015-03-01,Rio Magdalena,166.60000000000002
2015-04-01,Rio Magdalena,160.03269230769232
2015-05-01,Rio Magdalena,167.07115384615386
2015-06-01,Rio Magdalena,167.45769230769233
2015-07-01,Rio Magdalena,168.61346153846156
2015-08-01,Rio Magdalena,160.5596153846154
2015-09-01,Rio Magdalena,152.06538461538463
2015-10-01,Rio Magdalena,140.08846153846153
2015-11-01,Rio Magdalena,118.8
2015-12-01,Rio Magdalena,147.90384615384616
2016-01-01,Rio Magdalena,151.6692307692308
2016-02-01,Rio Magdalena,155.38269230769234
2016-03-01,Rio Magdalena,177.3596153846154
2016-04-01,Rio Magdalena,158.93076923076927
2016-05-01,Rio Magdalena,146.77115384615385
2016-06-01,Rio Magdalena,143.3269230769231
2016-07-01,Rio Magdalena,143.70192307692307
2016-08-01,Rio Magdalena,161.425
2016-09-01,Rio Magdalena,141.8173076923077
2016-10-01,Rio Magdalena,122.92307692307696
2016-11-01,Rio Magdalena,112.10384615384616
2016-12-01,Rio Magdalena,135.28846153846155
2017-01-01,Rio Magdalena,158.16538461538462
2017-02-01,Rio Magdalena,154.94038461538463
2017-03-01,Rio Magdalena,158.24615384615385
2017-04-01,Rio Magdalena,167.13076923076926
2017-05-01,Rio Magdalena,143.9346153846154
2017-06-01,Rio Magdalena,134.90576923076924
2017-07-01,Rio Magdalena,146.53076923076924
2017-08-01,Rio Magdalena,148.15192307692308
2017-09-01,Rio Magdalena,144.06923076923078
2017-10-01,Rio Magdalena,140.99423076923077
2017-11-01,Rio Magdalena,129.6596153846154
2017-12-01,Rio Magdalena,149.68846153846155
2018-01-01,Rio Magdalena,137.76923076923077
2018-02-01,Rio Magdalena,163.31923076923078
2018-03-01,Rio Magdalena,172.94038461538463
2018-04-01,Rio Magdalena,152.02692307692308
2018-05-01,Rio Magdalena,134.4923076923077
2018-06-01,Rio Magdalena,140.94807692307694
2018-07-01,Rio Magdalena,159.9942307692308
2018-08-01,Rio Magdalena,166.1576923076923
2018-09-01,Rio Magdalena,145.93076923076924
2018-10-01,Rio Magdalena,136.8442307692308
2018-11-01,Rio Magdalena,136.02692307692308
2018-12-01,Rio Magdalena,165.87884615384613
2019-01-01,Rio Magdalena,160.95000000000002
2019-02-01,Rio Magdalena,157.875
2019-03-01,Rio Magdalena,171.4096153846154
2019-04-01,Rio Magdalena,163.3923076923077
2019-05-01,Rio Magdalena,145.73846153846154
2019-06-01,Rio Magdalena,148.18846153846155
2019-07-01,Rio Magdalena,168.18846153846155
2019-08-01,Rio Magdalena,166.1115384615385
2019-09-01,Rio Magdalena,151.99615384615387
2019-10-01,Rio Magdalena,129.22307692307692
2019-11-01,Rio Magdalena,136.57500000000002
2019-12-01,Rio Magdalena,144.3096153846154
2020-01-01,Rio Magdalena,158.9673076923077
2020-02-01,Rio Magdalena,159.7653846153846
2020-03-01,Rio Magdalena,187.21153846153845
2020-04-01,Rio Magdalena,172.2326923076924
2020-05-01,Rio Magdalena,159.1846153846154
2020-06-01,Rio Magdalena,143.99807692307692
2020-07-01,Rio Magdalena,138.2076923076923
2020-08-01,Rio Magdalena,141.9115384615385
2020-09-01,Rio Magdalena,143.08076923076922
2020-10-01,Rio Magdalena,132.00576923076923
2020-11-01,Rio Magdalena,112.96153846153848
2020-12-01,Rio Magdalena,139.4826923076923
2021-01-01,Rio Magdalena,162.36538461538464
2021-02-01,Rio Magdalena,157.77884615384616
2021-03-01,Rio Magdalena,181.61346153846156
2021-04-01,Rio Magdalena,142.7326923076923
2021-05-01,Rio Magdalena,157.4
2021-06-01,Rio Magdalena,129.35576923076923
2021-07-01,Rio Magdalena,149.42115384615389
2021-08-01,Rio Magdalena,140.70384615384617
2021-09-01,Rio Magdalena,136.9596153846154
2021-10-01,Rio Magdalena,129.71153846153845
2021-11-01,Rio Magdalena,126.55384615384618
2021-12-01,Rio Magdalena,147.65769230769232
2022-01-01,Rio Magdalena,157.55
2022-02-01,Rio Magdalena,154.05384615384617
2022-03-01,Rio Magdalena,163.43846153846155
2022-04-01,Rio Magdalena,141.29807692307696
2022-05-01,Rio Magdalena,142.1076923076923
2022-06-01,Rio Magdalena,125.0769230769231
2022-07-01,Rio Magdalena,141.2846153846154
2022-08-01,Rio Magdalena,143.29615384615383
2022-09-01,Rio Magdalena,139.4634615384616
2022-10-01,Rio Magdalena,132.03076923076924
2022-11-01,Rio Magdalena,110.9576923076923
2022-12-01,Rio Magdalena,153.6076923076923
2023-01-01,Rio Magdalena,156.3576923076923
2023-02-01,Rio Magdalena,164.12692307692308
2023-03-01,Rio Magdalena,163.4942307692308
2023-04-01,Rio Magdalena,163.8576923076923
2023-05-01,Rio Magdalena,165.8846153846154
2023-06-01,Rio Magdalena,151.34230769230774
2023-07-01,Rio Magdalena,161.33461538461538
2023-08-01,Rio Magdalena,164.22500000000002
2023-09-01,Rio Magdalena,157.8653846153846
2023-10-01,Rio Magdalena,136.48269230769233
2023-11-01,Rio Magdalena,124.2346153846154
2023-12-01,Rio Magdalena,160.55769230769232
2024-01-01,Rio Magdalena,171.59038461538464
2024-02-01,Rio Magdalena,148.93846153846152
2024-03-01,Rio Magdalena,178.14807692307693
2024-04-01,Rio Magdalena,166.7673076923077
2024-05-01,Rio Magdalena,145.2596153846154
2024-06-01,Rio Magdalena,131.8826923076923
2024-07-01,Rio Magdalena,148.14423076923077
2024-08-01,Rio Magdalena,151.4173076923077
2024-09-01,Rio Magdalena,145.81153846153845
2024-10-01,Rio Magdalena,139.05576923076924
2024-11-01,Rio Magdalena,111.35384615384616
2024-12-01,Rio Magdalena,133.625
2025-01-01,Rio Magdalena,142.34807692307692
2025-02-01,Rio Magdalena,138.81153846153848
2025-03-01,Rio Magdalena,156.15384615384616
2025-04-01,Rio Magdalena,159.03269230769232
2025-05-01,Rio Magdalena,145.64423076923077
2025-06-01,Rio Magdalena,140.12692307692308
2025-07-01,Rio Magdalena,160.37884615384615
2025-08-01,Rio Magdalena,159.96153846153845
2025-09-01,Rio Magdalena,144.875
2025-10-01,Rio Magdalena,127.2346153846154
2025-11-01,Rio Magdalena,126.59038461538464
2025-12-01,Rio Magdalena,138.3423076923077
2026-01-01,Rio Magdalena,147.65467678007604
2026-02-01,Rio Magdalena,145.85752792730304
2026-03-01,Rio Magdalena,163.55841585885005
2026-04-01,Rio Magdalena,154.19052577602406
2026-05-01,Rio Magdalena,144.91880633171
2026-06-01,Rio Magdalena,138.99106213290716
